Date,AAPL,JNJ,JPM,KO,MSFT,PEP,PG,V,WMT,XOM
2018-01-02,40.23237991333008,110.13080596923828,85.51602935791016,35.02423095703125,78.69991302490234,90.64907836914062,71.74512481689453,107.68818664550781,28.80023765563965,57.8111457824707
2018-01-03,40.22536849975586,111.18286895751953,85.60316467285156,34.947322845458984,79.06615447998047,90.41107177734375,71.65806579589844,108.76025390625,29.051464080810547,58.946563720703125
2018-01-04,40.41222381591797,111.1749267578125,86.82950592041016,35.439544677734375,79.7620620727539,90.85639953613281,72.16461181640625,109.16466522216797,29.0777530670166,59.028160095214844
2018-01-05,40.872318267822266,112.09246826171875,86.27204895019531,35.43183517456055,80.75096893310547,91.11746215820312,72.21210479736328,111.77903747558594,29.250102996826172,58.98057556152344
2018-01-08,40.72050857543945,112.23486328125,86.39946746826172,35.37800979614258,80.83336639404297,90.59530639648438,72.59197998046875,112.23042297363281,29.682437896728516,59.245723724365234
2018-01-09,40.715843200683594,114.0146484375,86.83744812011719,35.554893493652344,80.77845001220703,90.66443634033203,72.06169891357422,112.01416015625,29.326051712036133,58.99417495727539
2018-01-10,40.70649337768555,113.88013458251953,87.79302978515625,35.43183517456055,80.41218566894531,90.20376586914062,71.60267639160156,111.89189147949219,29.115732192993164,58.52504348754883
2018-01-11,40.93771743774414,114.52873229980469,88.26285552978516,35.408775329589844,80.65023803710938,89.74304962158203,71.34940338134766,112.70066833496094,29.217971801757812,59.10295486450195
2018-01-12,41.36045837402344,115.2960433959961,89.72008514404297,35.493377685546875,82.0420150756836,90.12693786621094,70.92201232910156,112.9357681274414,29.466272354125977,59.50408172607422
2018-01-16,41.150245666503906,116.1661605834961,89.40156555175781,35.78562927246094,80.89745330810547,90.49549865722656,71.40479278564453,113.21790313720703,29.413681030273438,59.130149841308594
2018-01-17,41.82990646362305,116.26104736328125,89.97491455078125,36.0086555480957,82.53646087646484,91.509033203125,72.18045043945312,114.71316528320312,30.000858306884766,59.8304443359375
2018-01-18,41.86725997924805,116.2136001586914,90.18990325927734,36.05480194091797,82.49981689453125,91.40923309326172,71.91724395751953,115.77587890625,30.468250274658203,59.44288635253906
2018-01-19,41.680450439453125,116.5616226196289,89.99083709716797,36.270145416259766,82.40826416015625,92.26918029785156,72.62701416015625,115.3902587890625,30.55297088623047,59.25254440307617
2018-01-22,41.33942794799805,117.17861938476562,91.04197692871094,36.43934631347656,83.88248443603516,93.29804229736328,73.28095245361328,116.9231948852539,30.804183959960938,60.00041580200195
2018-01-23,41.348777770996094,112.18739318847656,90.94640350341797,36.493167877197266,84.14801788330078,93.13680267333984,71.01609802246094,117.22412109375,30.93562889099121,60.03438186645508
2018-01-24,40.690155029296875,112.37725067138672,92.1090087890625,36.785430908203125,84.07476043701172,93.01396942138672,70.42597961425781,117.13007354736328,30.90350914001465,60.190765380859375
2018-01-25,39.96379089355469,114.22027587890625,92.13289642333984,36.79313278198242,84.54175567626953,92.82968139648438,70.44989776611328,117.7601547241211,31.140121459960938,60.081993103027344
2018-01-26,40.05719757080078,114.95590209960938,92.62662506103516,37.32379913330078,86.12580871582031,93.4900131225586,69.96344757080078,118.79463958740234,31.663022994995117,60.510318756103516
2018-01-29,39.22809982299805,113.6507568359375,92.53105163574219,36.685447692871094,85.99761962890625,91.88525390625,69.26962280273438,117.40279388427734,32.001888275146484,59.83723449707031
2018-01-30,38.996856689453125,112.66202545166016,91.6630630493164,36.462406158447266,84.9171371459961,92.0541763305664,69.34139251708984,116.18965148925781,31.470232009887695,59.000953674316406
2018-01-31,39.10429763793945,109.30819702148438,92.1090087890625,36.60084915161133,86.99566650390625,92.36898803710938,68.85493469238281,116.82910919189453,31.140121459960938,59.354496002197266
2018-02-01,39.18604278564453,110.7557144165039,93.06458282470703,36.493167877197266,86.30894470214844,92.36898803710938,68.46412658691406,118.23033142089844,30.82463264465332,60.55790328979492
2018-02-02,37.48575973510742,108.90478515625,91.00215148925781,35.93943405151367,84.03814697265625,91.11746215820312,67.18819427490234,113.70693969726562,30.520832061767578,57.47121810913086
2018-02-05,36.5492057800293,103.13836669921875,86.63838195800781,34.524330139160156,80.57699584960938,87.88489532470703,64.64420318603516,109.34334564208984,29.23841667175293,54.20092010498047
2018-02-06,38.07664108276367,104.27741241455078,89.27417755126953,34.35511779785156,83.6260757446289,87.19385528564453,65.6968765258789,112.82292175292969,29.475032806396484,53.269466400146484
2018-02-07,37.26153564453125,103.95313262939453,89.87935638427734,34.27052688598633,82.05117797851562,87.14778900146484,65.26622772216797,112.52198791503906,30.044681549072266,52.310829162597656
2018-02-08,36.236236572265625,99.95065307617188,85.90576934814453,33.14765167236328,77.8392105102539,84.57559967041016,63.974300384521484,107.07691955566406,29.217971801757812,51.71931838989258
2018-02-09,36.679447174072266,102.45811462402344,87.62579345703125,33.17073059082031,80.7417984008789,85.36643981933594,63.735042572021484,109.39033508300781,29.02808952331543,52.04901885986328
2018-02-12,38.1568603515625,103.04345703125,88.97953033447266,33.81675720214844,81.6116714477539,85.94231414794922,64.8594970703125,111.41229248046875,29.080669403076172,52.48860549926758
2018-02-13,38.53910446166992,102.79826354980469,89.52898406982422,33.98594665527344,82.25262451171875,86.10355377197266,64.99507904052734,111.29943084716797,29.498409271240234,52.406185150146484
2018-02-14,39.249656677246094,102.56886291503906,91.59937286376953,33.91673278808594,83.54054260253906,83.77706909179688,64.34111785888672,113.63168334960938,29.708736419677734,52.516075134277344
2018-02-15,40.567604064941406,103.80282592773438,91.98160552978516,34.439720153808594,85.24246215820312,85.20521545410156,65.72078704833984,115.19548797607422,30.155681610107422,52.344356536865234
2018-02-16,40.436279296875,105.32156372070312,91.32067108154297,34.59353256225586,84.63528442382812,85.27429962158203,65.872314453125,114.79042053222656,30.60846710205078,52.57101058959961
2018-02-20,40.30026626586914,103.51806640625,91.34455871582031,33.83213806152344,85.29762268066406,84.06116485595703,64.86748504638672,114.94114685058594,27.491531372070312,52.02840042114258
2018-02-21,40.11735534667969,102.75872039794922,91.7267837524414,33.332237243652344,84.16609954833984,82.92477416992188,63.99024200439453,113.45268249511719,26.734939575195312,51.43773651123047
2018-02-22,40.45269775390625,102.75872039794922,91.55955505371094,33.470672607421875,84.38687896728516,83.89224243164062,64.46874237060547,113.40558624267578,27.100088119506836,52.103946685791016
2018-02-23,41.15622329711914,104.42768859863281,93.41495513916016,33.8705940246582,86.5303726196289,84.2147216796875,64.6362075805664,115.80784606933594,27.13514518737793,53.2509880065918
2018-02-26,41.969966888427734,105.13621520996094,94.57755279541016,33.8629035949707,87.78150939941406,85.18217468261719,65.0987319946289,117.37166595458984,27.202335357666016,54.1507453918457
2018-02-27,41.83395004272461,104.8177719116211,93.45478057861328,33.54758071899414,86.6591796875,85.14381408691406,64.2294921875,116.22235107421875,26.734939575195312,53.23038864135742
2018-02-28,41.7706413269043,103.39280700683594,91.97364807128906,33.23994064331055,86.26359558105469,84.25310516357422,62.618553161621094,115.81725311279297,26.2938289642334,52.02153778076172
2018-03-01,41.03896713256836,101.32305908203125,90.32527923583984,33.401451110839844,85.41724395751953,83.63045501708984,62.762115478515625,113.42440795898438,26.02216339111328,51.65062713623047
2018-03-02,41.322723388671875,102.54900360107422,90.23767852783203,33.62447738647461,85.60124206542969,84.34207916259766,63.40010452270508,113.77299499511719,25.93160629272461,51.89104080200195
2018-03-05,41.46576690673828,103.32117462158203,91.62326049804688,33.755226135253906,86.14400482177734,84.64373779296875,64.03012084960938,114.81867980957031,26.285076141357422,52.38557052612305
2018-03-06,41.43058395385742,102.07135009765625,91.7029037475586,33.785987854003906,85.8495864868164,84.75975036621094,63.81480407714844,114.04618835449219,26.016321182250977,52.323760986328125
2018-03-07,41.045997619628906,102.72412872314453,91.36048126220703,33.70139694213867,86.34637451171875,84.96085357666016,63.12897872924805,114.79042053222656,25.630722045898438,51.00501251220703
2018-03-08,41.4939079284668,105.12826538085938,91.36843872070312,34.185916900634766,86.87077331542969,86.69349670410156,63.77492141723633,115.13899230957031,25.836427688598633,50.90886306762695
2018-03-09,42.20682144165039,106.51338958740234,93.99626159667969,34.470489501953125,88.81183624267578,87.04930877685547,64.03012084960938,117.29631042480469,26.071516036987305,51.211063385009766
2018-03-12,42.614864349365234,105.58201599121094,93.69366455078125,34.247459411621094,89.0234375,87.21174621582031,63.68720245361328,117.04193878173828,25.8804988861084,51.6781120300293
2018-03-13,42.2044677734375,106.95123291015625,92.57085418701172,34.27821350097656,86.85235595703125,87.86923217773438,63.57555389404297,116.06221008300781,25.948089599609375,51.19047164916992
2018-03-14,41.84567642211914,105.33524322509766,91.53565216064453,33.967857360839844,86.33719635009766,87.10344696044922,63.001380920410156,115.47813415527344,25.76296043395996,50.551692962646484
2018-03-15,41.89492416381836,105.92432403564453,91.7666244506836,33.88250732421875,86.64077758789062,86.62385559082031,62.73822784423828,116.26002502441406,25.715938568115234,51.114906311035156
2018-03-16,41.74717330932617,106.41788482666016,91.92585754394531,33.71957778930664,87.02716064453125,86.35314178466797,62.97743225097656,117.31517028808594,26.20375633239746,51.59569549560547
2018-03-19,41.10932159423828,103.67941284179688,91.20120239257812,33.564395904541016,85.45405578613281,85.36309814453125,62.73023986816406,116.07160949707031,25.69831085205078,50.92945861816406
2018-03-20,41.095252990722656,104.45158386230469,91.288818359375,33.48680877685547,85.67483520507812,85.00727844238281,62.451087951660156,117.6731185913086,25.845243453979492,50.81955337524414
2018-03-21,40.16425323486328,104.43566131591797,91.36843872070312,33.3626708984375,85.07687377929688,84.1100082397461,61.43828582763672,116.0810546875,25.91282844543457,51.54075241088867
2018-03-22,39.59672546386719,101.40266418457031,87.55413055419922,33.17645263671875,82.60220336914062,83.49121856689453,60.935882568359375,113.03816986083984,25.607210159301758,50.48300552368164
2018-03-23,38.6798095703125,99.58763885498047,85.21299743652344,32.84284210205078,80.20112609863281,82.10667419433594,60.53714370727539,110.22140502929688,25.101770401000977,50.064029693603516
2018-03-26,40.51601028442383,101.4106216430664,87.84078979492188,33.12214660644531,86.27278137207031,82.61715698242188,60.935882568359375,113.6505126953125,25.71300506591797,50.82643127441406
2018-03-27,39.477142333984375,101.26734161376953,86.13668060302734,33.2773323059082,82.30781555175781,83.25918579101562,62.036407470703125,110.5982437133789,25.286901473999023,50.62036895751953
2018-03-28,39.04096603393555,101.45838928222656,86.0013198852539,33.610965728759766,82.23421478271484,84.45037078857422,62.8737678527832,110.21198272705078,25.79234504699707,50.00908279418945
2018-03-29,39.345821380615234,102.015625,87.57006072998047,33.696311950683594,83.96373748779297,84.42716217041016,63.22467041015625,112.6895980834961,26.144977569580078,51.24539566040039
2018-04-02,39.08785629272461,99.15776062011719,85.88187408447266,33.106632232666016,81.43387603759766,82.80281829833984,61.72541046142578,111.53086853027344,25.13996696472168,50.29069519042969
2018-04-03,39.48886489868164,102.17486572265625,87.06040954589844,33.657508850097656,82.52859497070312,83.68460083007812,62.570716857910156,112.29393005371094,25.507293701171875,51.52701950073242
2018-04-04,40.243980407714844,103.81473541259766,88.38225555419922,34.324764251708984,84.93888854980469,85.22386932373047,63.04122543334961,112.86860656738281,25.63072395324707,51.423988342285156
2018-04-05,40.52305603027344,104.0535659790039,89.54278564453125,34.448909759521484,84.98487091064453,85.52552032470703,62.841896057128906,114.16866302490234,25.804094314575195,52.21385192871094
2018-04-06,39.48651123046875,101.975830078125,87.30982971191406,34.07648468017578,83.00698852539062,84.54317474365234,62.546791076660156,110.88082122802734,25.4749755859375,51.423988342285156
2018-04-09,39.878150939941406,103.07439422607422,88.3582992553711,34.00665283203125,83.50373840332031,84.60505676269531,62.33148956298828,111.90771484375,25.354488372802734,51.423988342285156
2018-04-10,40.628578186035156,103.6873550415039,90.04700469970703,34.13078689575195,85.4448471069336,84.62052917480469,62.49894714355469,113.72589111328125,25.404449462890625,52.93505096435547
2018-04-11,40.43861389160156,103.19383239746094,88.53434753417969,34.13078689575195,84.50650024414062,84.0636215209961,62.419193267822266,112.8403549194336,25.245756149291992,53.18230438232422
2018-04-12,40.83729553222656,103.83065795898438,90.73532104492188,34.161834716796875,86.08879852294922,83.77739715576172,62.036407470703125,114.05561065673828,25.104705810546875,53.03807830810547
2018-04-13,40.97564697265625,103.9819107055664,88.27825164794922,34.53425216674805,85.62884521484375,84.51224517822266,62.49894714355469,113.75413513183594,25.278078079223633,53.46392059326172
2018-04-16,41.231258392333984,104.88941192626953,88.20622253417969,34.6661491394043,86.6315689086914,85.02274322509766,62.690338134765625,114.81867980957031,25.51905632019043,53.9447135925293
2018-04-17,41.79877471923828,103.9182357788086,88.20622253417969,34.821327209472656,88.37946319580078,84.21056365966797,62.546791076660156,116.62743377685547,25.830543518066406,53.80047607421875
2018-04-18,41.7049674987793,101.67333221435547,87.49391174316406,34.53425216674805,88.7198486328125,82.7486572265625,62.36338424682617,117.26805114746094,25.73357391357422,54.41176986694336
2018-04-19,40.52305603027344,101.53797912597656,89.41471862792969,34.37907409667969,88.41629028320312,81.65804290771484,60.32465362548828,116.77816772460938,25.827613830566406,54.549129486083984
2018-04-20,38.862728118896484,100.82949829101562,89.21466827392578,33.936824798583984,87.39512634277344,79.26793670654297,59.39906311035156,117.00426483154297,25.560190200805664,54.26065444946289
2018-04-23,38.75016403198242,100.96480560302734,88.782470703125,34.12303161621094,87.71712493896484,79.34529876708984,58.75516128540039,117.24919891357422,25.30159568786621,54.65214538574219
2018-04-24,38.21078872680664,100.45537567138672,88.36627960205078,33.4169807434082,85.6656265258789,78.46349334716797,58.35274124145508,114.2440185546875,25.42795753479004,53.814205169677734
2018-04-25,38.377288818359375,100.90911102294922,88.03010559082031,32.9204216003418,84.92047119140625,78.23916625976562,58.191768646240234,114.1874771118164,25.616025924682617,54.60407257080078
2018-04-26,38.510963439941406,101.90419006347656,88.11815643310547,33.168701171875,86.71438598632812,79.87126159667969,58.553951263427734,119.71742248535156,25.84229850769043,55.53817367553711
2018-04-27,38.065391540527344,102.11117553710938,87.55793762207031,33.60319900512695,88.14948272705078,78.67232513427734,58.60224533081055,118.70942687988281,25.651290893554688,53.4295768737793
2018-04-30,38.754852294921875,100.69418334960938,87.06171417236328,33.525604248046875,86.0335922241211,78.07674407958984,58.22395706176758,119.52899169921875,25.9951114654541,53.402095794677734
2018-05-01,39.65536880493164,100.31206512451172,87.06171417236328,33.04457473754883,87.39512634277344,76.67671966552734,57.91810989379883,120.12250518798828,25.68654441833496,52.85262680053711
2018-05-02,41.40714645385742,98.31393432617188,86.37342071533203,32.63335418701172,86.0243911743164,75.20709991455078,57.09714889526367,119.05796813964844,25.37212371826172,52.749603271484375
2018-05-03,41.482173919677734,97.93978881835938,85.82919311523438,32.501461029052734,86.5395736694336,75.4932632446289,57.43518829345703,119.81159210205078,25.33979606628418,52.57101058959961
2018-05-04,43.10968017578125,98.86320495605469,86.78160095214844,32.86611557006836,87.5423355102539,76.56842803955078,58.296382904052734,120.7348403930664,25.721820831298828,52.81828308105469
2018-05-07,43.421566009521484,98.38556671142578,87.53392791748047,32.69542694091797,88.5174560546875,75.98056030273438,57.9342155456543,121.7710952758789,25.116458892822266,53.39522933959961
2018-05-08,43.63026809692383,97.60545349121094,88.83047485351562,32.43938446044922,88.1402816772461,74.86672973632812,57.49957275390625,122.37400817871094,25.19580078125,53.635616302490234
2018-05-09,43.93747329711914,98.32190704345703,90.767333984375,32.41611099243164,89.17984771728516,74.37942504882812,58.248104095458984,123.25955200195312,24.40825080871582,54.899410247802734
2018-05-10,44.56597900390625,99.78666687011719,91.47163391113281,32.72645950317383,90.07218933105469,75.23802947998047,58.87590789794922,123.4102783203125,24.45261001586914,56.12886428833008
2018-05-11,44.39646530151367,101.29121398925781,91.12747192382812,32.69542694091797,89.87899780273438,75.36180114746094,59.052978515625,124.18279266357422,24.65665054321289,56.39250946044922
2018-05-14,44.292884826660156,100.35184478759766,91.15949249267578,32.61783981323242,90.18257904052734,75.14517974853516,58.98054122924805,123.60810852050781,24.955320358276367,56.77410125732422
2018-05-15,43.89033126831055,99.61151123046875,90.46319580078125,32.36956024169922,89.52941131591797,74.87447357177734,58.714908599853516,123.5045166015625,24.993757247924805,56.74634552001953
2018-05-16,44.29995346069336,99.78666687011719,90.71129608154297,32.2376594543457,89.76039123535156,75.17613220214844,59.181732177734375,123.30665588378906,25.469867706298828,56.905921936035156
2018-05-17,44.01981735229492,98.59257507324219,90.40716552734375,32.81956481933594,88.86418151855469,75.74078369140625,59.5278434753418,122.59898376464844,24.984888076782227,56.80879592895508
2018-05-18,43.8597297668457,98.90303802490234,88.9425277709961,32.72645950317383,89.03050231933594,75.42364501953125,59.11736297607422,122.59898376464844,24.733535766601562,56.40637969970703
2018-05-21,44.17047882080078,98.48906707763672,89.75890350341797,32.90491485595703,90.1761703491211,76.97064971923828,59.60834503173828,123.28778839111328,24.990806579589844,57.08631134033203
2018-05-22,44.059844970703125,97.84426879882812,90.44719696044922,32.780757904052734,90.08378601074219,77.29551696777344,59.58418273925781,123.33496856689453,24.653690338134766,56.64228057861328
2018-05-23,44.34232711791992,98.2741470336914,90.03101348876953,32.89714813232422,91.15554809570312,77.69774627685547,59.704917907714844,124.43900299072266,24.5472412109375,56.99610900878906
2018-05-24,44.292884826660156,97.31886291503906,89.02257537841797,32.8350830078125,90.8321533203125,77.4888687133789,59.37490463256836,124.44840240478516,24.499919891357422,55.69175720214844
2018-05-25,44.39412307739258,97.41508483886719,88.56639862060547,32.89714813232422,90.87837982177734,77.58943176269531,59.80954360961914,123.8728256225586,24.384593963623047,54.60942077636719
2018-05-29,44.23402786254883,95.75502014160156,84.78072357177734,33.11438751220703,90.55498504638672,78.20049285888672,59.600276947021484,122.37251281738281,24.366849899291992,54.40822219848633
2018-05-30,44.13987731933594,97.01409912109375,86.71755981445312,33.463531494140625,91.42347717285156,78.76513671875,60.276363372802734,123.2689208984375,24.875478744506836,56.54515075683594
2018-05-31,43.99156951904297,95.93144226074219,85.64510345458984,33.3626708984375,91.32183837890625,78.25619506835938,58.89198684692383,123.34439086914062,24.408248901367188,56.36475372314453
2018-06-01,44.78490447998047,97.2466812133789,86.75758361816406,33.45577621459961,93.12354278564453,78.25619506835938,59.11736297607422,123.4670639038086,24.541322708129883,56.77410125732422
2018-06-04,45.15920639038086,97.80001831054688,86.797607421875,33.742855072021484,93.93659210205078,78.15474700927734,59.704917907714844,125.56183624267578,25.25990867614746,56.17742919921875
2018-06-05,45.50762176513672,97.4231185913086,86.30937957763672,33.44802474975586,94.41703796386719,78.2249755859375,59.535888671875,126.02418518066406,25.023334503173828,55.976219177246094
2018-06-06,45.665348052978516,98.47368621826172,88.32627868652344,33.71957778930664,94.69422149658203,78.7089614868164,59.84174728393555,128.5906524658203,25.005592346191406,56.933692932128906
2018-06-07,45.54292678833008,98.9067611694336,88.67843627929688,33.704071044921875,93.2066879272461,78.96654510498047,60.97658920288086,126.28836822509766,25.12091636657715,57.50260925292969
2018-06-08,45.12860870361328,99.4921875,88.926513671875,34.09975814819336,93.89962768554688,80.00476837158203,62.1195182800293,127.13761138916016,24.946449279785156,58.00212097167969
2018-06-11,45.01795196533203,98.36942291259766,88.7024154663086,34.239418029785156,93.36375427246094,80.56678771972656,62.401222229003906,126.35441589355469,24.928712844848633,57.65522003173828
2018-06-12,45.26515579223633,98.2732162475586,88.1902084350586,34.45664978027344,93.6039810180664,81.55817413330078,62.16778564453125,127.25086212158203,24.86956214904785,57.18344497680664
2018-06-13,44.893184661865234,98.34537506103516,88.0141372680664,34.27821350097656,93.17894744873047,82.1748275756836,61.54805374145508,126.81678771972656,24.866605758666992,56.55210494995117
2018-06-14,44.91674041748047,98.1689453125,86.46145629882812,34.11382293701172,93.70561981201172,82.0655746459961,61.161720275878906,127.38294219970703,24.777894973754883,56.81573486328125
2018-06-15,44.455322265625,98.329345703125,86.35740661621094,34.53652572631836,92.51371765136719,84.00150299072266,62.280460357666016,127.47725677490234,24.751277923583984,55.962371826171875
2018-06-18,44.431785583496094,97.29481506347656,86.58150482177734,34.0903434753418,93.1882095336914,82.26074981689453,61.04098129272461,128.51519775390625,24.544279098510742,56.07337188720703
2018-06-19,43.71377944946289,98.29724884033203,86.07730102539062,34.129478454589844,93.1882095336914,82.71348571777344,61.43539047241211,127.48668670654297,24.72466278076172,55.9901008605957
2018-06-20,43.904457092285156,97.87220764160156,86.06926727294922,33.86332702636719,94.12138366699219,82.59638977050781,61.049034118652344,127.85472106933594,24.72466278076172,55.8166389465332
2018-06-21,43.659629821777344,97.3990478515625,86.0452651977539,33.730255126953125,93.4468994140625,83.71263885498047,61.52391052246094,126.93944549560547,24.902095794677734,55.28934860229492
2018-06-22,43.53251266479492,98.5137939453125,84.63667297363281,33.85549545288086,92.77244567871094,84.59476470947266,62.32073974609375,127.69429779052734,25.082477569580078,56.461891174316406
2018-06-25,42.88511657714844,98.31329345703125,83.86832427978516,34.11382293701172,90.90607452392578,85.0787353515625,62.610469818115234,123.54255676269531,25.570404052734375,55.32404708862305
2018-06-26,43.41715621948242,98.12083435058594,83.92437744140625,33.91811752319336,91.5436019897461,84.34496307373047,62.77952575683594,125.0711669921875,25.425506591796875,55.94850158691406
2018-06-27,43.35359191894531,97.52738189697266,82.6277847290039,33.714599609375,90.12074279785156,84.51670837402344,62.529972076416016,123.62747192382812,25.694604873657227,56.69083786010742
2018-06-28,43.66904067993164,97.84012603759766,83.9803695678711,34.02772903442383,91.12781524658203,84.83676147460938,62.81971740722656,125.25044250488281,25.3900203704834,56.87123489379883
2018-06-29,43.57723617553711,97.31082916259766,83.39611053466797,34.33301544189453,91.10934448242188,84.98505401611328,62.82779312133789,124.97679901123047,25.32792091369629,57.39853286743164
2018-07-02,44.064537048339844,97.50331115722656,84.10042572021484,34.24690246582031,92.40288543701172,85.50025939941406,62.88413619995117,125.02398681640625,24.83999252319336,56.725547790527344
2018-07-03,43.297096252441406,98.40950775146484,82.92391204833984,34.43476104736328,91.51590728759766,84.93042755126953,62.69901657104492,124.03321838378906,24.97010612487793,57.05855941772461
2018-07-05,43.645503997802734,100.24604034423828,83.46307373046875,34.9592399597168,92.171875,85.51587677001953,63.75339889526367,125.7694091796875,25.008546829223633,57.10712432861328
2018-07-06,44.250518798828125,100.8475112915039,83.7366714477539,34.94358444213867,93.46540832519531,85.523681640625,63.8338623046875,126.52425384521484,24.990806579589844,57.12100601196289
2018-07-09,44.86494445800781,101.08809661865234,86.32777404785156,34.755714416503906,94.10291290283203,84.11858367919922,62.666831970214844,127.87360382080078,25.41071319580078,57.5164794921875
2018-07-10,44.81079864501953,102.15472412109375,85.79669189453125,35.20189666748047,94.35236358642578,88.12310791015625,64.24434661865234,128.9775848388672,25.789234161376953,58.04377365112305
2018-07-11,44.229331970214844,101.240478515625,85.61160278320312,35.06098937988281,94.22300720214844,87.84989929199219,63.713157653808594,130.35519409179688,25.588151931762695,57.30139923095703
2018-07-12,44.970863342285156,102.45947265625,85.98177337646484,34.967063903808594,96.26490783691406,87.06147766113281,63.49581527709961,132.00645446777344,25.585189819335938,57.37076950073242
2018-07-13,45.0415153503418,100.99185943603516,85.58746337890625,35.021854400634766,97.41059112548828,87.96700286865234,63.8338623046875,131.5535430908203,25.93413734436035,57.800933837890625
2018-07-16,44.942630767822266,99.9974365234375,88.9832992553711,35.0140266418457,96.93016815185547,88.1777572631836,64.01094818115234,130.6477508544922,25.91638946533203,57.23201370239258
2018-07-17,45.06974792480469,103.54214477539062,88.91891479492188,35.42106246948242,97.89103698730469,89.6765365600586,64.41338348388672,131.76113891601562,26.079036712646484,57.10712432861328
2018-07-18,44.82256317138672,102.4915542602539,89.74771881103516,35.31932067871094,97.12418365478516,89.63749694824219,64.16387176513672,132.94998168945312,26.043546676635742,57.044708251953125
2018-07-19,45.17098617553711,100.99989318847656,88.42803192138672,35.311492919921875,96.45893859863281,90.37129211425781,63.942134857177734,132.22348022460938,25.940052032470703,56.898990631103516
2018-07-20,45.0673942565918,100.9277114868164,89.54657745361328,35.444557189941406,98.18672180175781,90.55863189697266,63.90153121948242,133.03494262695312,26.040592193603516,56.475772857666016
2018-07-23,45.1074104309082,101.55326843261719,91.21229553222656,35.18624496459961,99.75737762451172,89.29400634765625,63.763465881347656,132.12908935546875,25.913436889648438,56.475772857666016
2018-07-24,45.43465042114258,103.74260711669922,91.85606384277344,35.42890167236328,99.47095489501953,89.56725311279297,64.15328216552734,132.12908935546875,26.011018753051758,57.59280014038086
2018-07-25,45.86310958862305,103.14913940429688,92.68489837646484,36.0786247253418,102.39986419677734,89.93413543701172,64.54315948486328,134.5918426513672,25.99327850341797,57.99518585205078
2018-07-26,45.7194938659668,104.48043060302734,92.41934204101562,36.1960334777832,101.28191375732422,89.77020263671875,65.04669189453125,134.459716796875,26.09086799621582,58.44615936279297
2018-07-27,44.959102630615234,105.49894714355469,93.3688735961914,36.17255783081055,99.48945617675781,89.20816040039062,65.44466400146484,132.77073669433594,26.061290740966797,56.83654022216797
2018-07-30,44.70721435546875,105.99613189697266,93.93216705322266,36.18820571899414,97.35514068603516,89.13009643554688,65.13603210449219,128.77938842773438,26.28307342529297,56.71165466308594
2018-07-31,44.79666519165039,106.27685546875,92.49980163574219,36.5013313293457,98.01117706298828,89.77020263671875,65.68830871582031,129.0247344970703,26.38657569885254,56.55210494995117
2018-08-01,47.43564987182617,106.37308502197266,93.07113647460938,36.31345748901367,98.1959457397461,88.68515014648438,65.50152587890625,130.44956970214844,26.093826293945312,55.7750244140625
2018-08-02,48.82224655151367,105.25834655761719,93.46544647216797,36.14907455444336,99.38782501220703,89.52821350097656,66.59794616699219,131.08175659179688,26.247589111328125,55.44199752807617
2018-08-03,48.96347427368164,105.8197250366211,94.22186279296875,36.49349594116211,99.82205963134766,90.78500366210938,66.8659439086914,131.93096923828125,26.49599266052246,55.64319610595703
2018-08-06,49.217716217041016,105.87584686279297,94.24598693847656,36.5169677734375,99.90520477294922,91.6280517578125,67.0202865600586,131.82717895507812,26.516691207885742,55.62932586669922
2018-08-07,48.756309509277344,105.42675018310547,94.592041015625,36.39955520629883,100.59818267822266,89.16134643554688,67.11772155761719,132.36502075195312,26.5462646484375,56.38556671142578
2018-08-08,48.789268493652344,105.19419860839844,94.78514862060547,36.12559509277344,101.1617660522461,88.59148406982422,66.8821792602539,132.742431640625,26.629064559936523,56.010921478271484
2018-08-09,49.172996520996094,105.21824645996094,94.0528564453125,36.282142639160156,101.32807159423828,88.75540924072266,66.11064910888672,132.1102294921875,26.47439956665039,55.7264518737793
2018-08-10,49.02652359008789,104.85735321044922,93.12747955322266,36.07079315185547,100.70903015136719,88.10750579833984,66.135009765625,131.8460693359375,26.822391510009766,55.67039108276367
2018-08-13,49.34307861328125,104.43233489990234,91.6468276977539,35.875099182128906,99.9791488647461,88.22460174560547,66.20809173583984,132.29898071289062,26.661779403686523,55.06755065917969
2018-08-14,49.550987243652344,103.85490417480469,92.25841522216797,35.922061920166016,101.22644805908203,88.28704071044922,66.03753662109375,132.81790161132812,27.02166748046875,54.8923225402832
2018-08-15,49.66672897338867,104.6007308959961,91.4939193725586,36.07079315185547,99.853759765625,88.56024932861328,66.84160614013672,132.02532958984375,26.834291458129883,53.932003021240234
2018-08-16,50.394351959228516,106.2447738647461,92.3549575805664,36.180381774902344,99.83522033691406,89.18473815917969,67.97051239013672,132.91363525390625,29.338666915893555,54.675010681152344
2018-08-17,51.40071487426758,107.84068298339844,92.3549575805664,36.47783660888672,99.77955627441406,89.73897552490234,67.97051239013672,133.5561981201172,29.10369300842285,54.85725784301758
2018-08-20,50.899906158447266,109.77342224121094,92.2342529296875,36.57960510253906,99.12106323242188,89.6452865600586,67.92989349365234,133.18763732910156,28.553443908691406,55.2427864074707
2018-08-21,50.80067825317383,108.54642486572266,92.79753112792969,36.180381774902344,98.29557800292969,88.7710189819336,68.14106750488281,132.33714294433594,28.57724380493164,55.25680923461914
2018-08-22,50.80303955078125,107.95295715332031,92.51589965820312,35.953369140625,99.2972412109375,87.61571502685547,67.72686004638672,133.3766326904297,28.455289840698242,56.04890441894531
2018-08-23,50.906986236572266,108.35393524169922,92.32279205322266,35.77333068847656,99.76102447509766,87.37371826171875,67.60503387451172,134.2838897705078,28.309560775756836,55.43205261230469
2018-08-24,51.065269470214844,109.027587890625,92.28256225585938,35.718536376953125,100.54008483886719,87.54545593261719,67.70247650146484,136.2683563232422,28.24114418029785,55.81057357788086
2018-08-27,51.48576736450195,108.92263793945312,93.91607666015625,35.7655029296875,101.65310668945312,87.74842071533203,67.76746368408203,137.40235900878906,28.119192123413086,56.35731887817383
2018-08-28,51.901546478271484,108.43826293945312,93.45740509033203,35.5150146484375,102.26522064208984,86.78047943115234,67.79995727539062,137.21328735351562,28.57427215576172,56.273197174072266
2018-08-29,52.67639923095703,108.87420654296875,93.15160369873047,35.483707427978516,103.89761352539062,87.46742248535156,67.80806732177734,138.9427032470703,28.446367263793945,56.67976379394531
2018-08-30,53.160682678222656,108.94683074951172,92.69293975830078,35.18624496459961,103.83269500732422,87.39714813232422,67.74311065673828,138.6686248779297,28.58319091796875,56.4344367980957
2018-08-31,53.774925231933594,108.7369613647461,92.20206451416016,34.88877868652344,104.1851577758789,87.4361801147461,67.3695068359375,138.81039428710938,28.511808395385742,56.19609069824219
2018-09-04,53.94736862182617,107.95388793945312,92.66075134277344,35.03750228881836,103.610107421875,86.64778137207031,67.16646575927734,139.6703643798828,28.363088607788086,56.280208587646484
2018-09-05,53.595375061035156,109.68151092529297,92.21011352539062,35.522830963134766,100.62360382080078,88.30266571044922,67.64564514160156,134.82247924804688,28.737857818603516,57.030269622802734
2018-09-06,52.70476150512695,110.49690246582031,91.81580352783203,35.828128814697266,100.8554458618164,89.3321533203125,67.1258544921875,136.55181884765625,28.687286376953125,56.399383544921875
2018-09-07,52.2795295715332,110.86022186279297,91.99285125732422,35.78898239135742,100.3638687133789,88.73395538330078,66.52482604980469,135.3233642578125,28.502885818481445,57.35969161987305
2018-09-10,51.577903747558594,110.77139282226562,91.50198364257812,36.05513381958008,101.44902801513672,89.38726043701172,66.90657043457031,136.15496826171875,28.82113265991211,57.27557373046875
2018-09-11,52.88193130493164,111.8208999633789,92.08134460449219,36.02381896972656,103.1741714477539,89.19832611083984,66.60606384277344,137.48741149902344,28.74380111694336,58.081695556640625
2018-09-12,52.225189208984375,112.50713348388672,90.99503326416016,36.1960334777832,103.610107421875,89.60759735107422,67.49946594238281,138.5079803466797,28.544527053833008,58.27095413208008
2018-09-13,53.486698150634766,112.93498992919922,91.3490982055664,36.18024826049805,104.72309112548828,90.50486755371094,67.77558135986328,139.50965881347656,28.291709899902344,57.70317840576172
2018-09-14,52.879573822021484,112.61207580566406,91.33299255371094,36.30656051635742,105.14973449707031,90.1742935180664,67.90553283691406,139.7080535888672,28.134065628051758,58.123756408691406
2018-09-17,51.47159194946289,112.99149322509766,91.6065902709961,36.56707763671875,104.00892639160156,90.82757568359375,68.42533874511719,138.1394500732422,28.202476501464844,58.46721267700195
2018-09-18,51.556636810302734,113.45975494384766,91.97676086425781,36.25920104980469,105.00133514404297,89.70993041992188,68.22227478027344,139.50965881347656,28.383913040161133,58.62142562866211
2018-09-19,51.587345123291016,113.39517211914062,94.6483383178711,36.28286361694336,103.60083770751953,89.54462432861328,68.22227478027344,139.3112030029297,28.3273983001709,59.32237243652344
2018-09-20,51.97951126098633,114.62226104736328,95.46106719970703,36.819698333740234,105.33522033691406,90.68590545654297,69.32685089111328,141.0311279296875,28.479089736938477,59.455562591552734
2018-09-21,51.41962432861328,115.3488540649414,94.83342742919922,36.77233123779297,105.97520446777344,90.4419174194336,69.70044708251953,141.7965545654297,28.523704528808594,59.70090103149414
2018-09-24,52.1590461730957,113.40325927734375,93.92414093017578,36.369720458984375,106.35546875,88.3640365600586,68.44156646728516,140.9082794189453,28.232219696044922,60.70328903198242
2018-09-25,52.48978042602539,111.92584991455078,93.6585693359375,36.061824798583984,106.15142822265625,88.12793731689453,67.50757598876953,141.35244750976562,28.285755157470703,60.63319396972656
2018-09-26,52.07164001464844,111.53833770751953,92.55611419677734,36.1960334777832,105.71549224853516,87.75800323486328,67.62127685546875,141.05946350097656,28.134065628051758,60.128475189208984
2018-09-27,53.14179229736328,111.5867919921875,92.15379333496094,36.322349548339844,106.11434173583984,87.40383911132812,67.29639434814453,141.76828002929688,27.997249603271484,60.12147903442383
2018-09-28,53.32842254638672,111.54642486572266,90.80186462402344,36.46444320678711,106.07722473144531,87.994140625,67.59690856933594,141.83433532714844,27.93181037902832,59.59574890136719
2018-10-01,53.68750762939453,112.7735366821289,91.33299255371094,36.49603271484375,107.22733306884766,87.13622283935547,67.95426177978516,142.49588012695312,28.077558517456055,60.149539947509766
2018-10-02,54.164710998535156,113.41128540039062,91.7112045288086,36.71707534790039,106.80068969726562,85.56996154785156,68.51465606689453,141.4374542236328,28.300628662109375,60.60516357421875
2018-10-03,54.82381820678711,112.24069213867188,92.57223510742188,36.211822509765625,106.81922149658203,84.62548828125,67.43446350097656,141.1539764404297,27.979408264160156,60.387855529785156
2018-10-04,53.85995864868164,112.4990463256836,93.4068832397461,36.1960334777832,104.61180114746094,83.90924835205078,66.53297424316406,138.68753051757812,28.021045684814453,59.98830032348633
2018-10-05,52.985877990722656,112.29720306396484,92.88014221191406,36.219722747802734,103.99966430664062,83.8147964477539,66.71976470947266,137.36451721191406,27.75335121154785,59.820072174072266
2018-10-08,52.86304473876953,112.53133392333984,93.44737243652344,36.69338607788086,102.81246948242188,85.15282440185547,66.92279815673828,134.08543395996094,28.163808822631836,60.37384033203125
2018-10-09,53.595375061035156,112.37794494628906,92.79911804199219,36.62234115600586,104.1202163696289,85.09771728515625,66.76038360595703,134.4823455810547,28.874670028686523,60.64019775390625
2018-10-10,51.11251449584961,111.19120788574219,90.3276138305664,36.061824798583984,98.46253204345703,84.48382568359375,66.14313507080078,128.0657501220703,28.4820613861084,59.24528503417969
2018-10-11,50.66128921508789,108.0507583618164,87.62110900878906,35.240814208984375,98.23065948486328,82.6893081665039,64.05584716796875,126.374267578125,27.934785842895508,57.19847106933594
2018-10-12,52.47089767456055,108.07493591308594,86.66492462158203,35.27239227294922,101.6252670288086,82.8624496459961,64.21016693115234,132.35604858398438,28.199501037597656,57.04426574707031
2018-10-15,51.34874725341797,108.1395492553711,86.17061614990234,35.453956604003906,99.79810333251953,83.13792419433594,65.07916259765625,129.6817169189453,27.905048370361328,56.651737213134766
2018-10-16,52.48032760620117,110.24663543701172,88.01815795898438,35.91183853149414,102.95159912109375,84.52317810058594,65.79389953613281,133.9436492919922,28.496936798095703,56.918094635009766
2018-10-17,52.25354766845703,112.58785247802734,88.99869537353516,36.20393371582031,102.68263244628906,85.24723815917969,66.4842300415039,134.6146240234375,28.720008850097656,57.128379821777344
2018-10-18,51.03219223022461,112.62015533447266,87.58865356445312,36.00657272338867,100.63284301757812,84.94817352294922,65.7443618774414,131.62838745117188,28.604005813598633,57.37370681762695
2018-10-19,51.80942153930664,112.25684356689453,87.44281768798828,36.574974060058594,100.78125762939453,86.80565643310547,71.5289535522461,132.37503051757812,28.895492553710938,57.45782470703125
2018-10-22,52.12598419189453,111.95812225341797,86.18681335449219,36.290771484375,101.68091583251953,86.10517120361328,70.95539093017578,132.90420532226562,28.89251708984375,56.883033752441406
2018-10-23,52.61735916137695,112.15995025634766,85.287353515625,36.59864807128906,100.26187896728516,86.67971801757812,71.41423034667969,131.4677734375,29.08881950378418,55.96476745605469
2018-10-24,50.8124885559082,110.98131561279297,83.6991195678711,36.8907470703125,94.90094757080078,88.90711212158203,73.29873657226562,126.8750991821289,29.01744270324707,54.40864562988281
2018-10-25,51.925174713134766,111.78861236572266,84.9713363647461,36.71707534790039,100.44734954833984,88.8205337524414,72.92184448242188,132.79078674316406,29.4992733001709,54.8923225402832
2018-10-26,51.09833526611328,110.57764434814453,83.80442810058594,36.25130081176758,99.20452880859375,86.93158721923828,71.98777770996094,130.16368103027344,29.42789077758789,54.345558166503906
2018-10-29,50.13920211791992,111.04586791992188,84.96324157714844,36.67759704589844,96.32002258300781,88.8520278930664,72.29913330078125,126.94123840332031,29.683685302734375,54.00910186767578
2018-10-30,50.389617919921875,113.6292495727539,86.46231842041016,37.60124969482422,96.20873260498047,89.54462432861328,73.07750701904297,125.45758819580078,30.46295166015625,55.22175598144531
2018-10-31,51.7031135559082,113.0157241821289,88.34229278564453,37.79860305786133,99.06541442871094,88.45063018798828,72.6596450805664,130.26763916015625,29.826459884643555,55.852622985839844
2018-11-01,52.49687194824219,113.68580627441406,88.3099136352539,37.688087463378906,98.23993682861328,87.76589965820312,73.40523529052734,133.0836944580078,29.915679931640625,56.54658126831055
2018-11-02,49.014713287353516,113.57276153564453,87.82366943359375,37.893333435058594,98.46253204345703,87.49828338623047,73.58549499511719,132.09144592285156,30.1417293548584,57.443817138671875
2018-11-05,47.623268127441406,114.7999038696289,88.3990249633789,38.43806838989258,99.71466064453125,90.03260803222656,74.72441864013672,132.11033630371094,30.608692169189453,57.22651290893555
2018-11-06,48.13827896118164,115.09857177734375,88.81229400634766,38.76961135864258,99.9094009399414,90.67801666259766,74.97840881347656,133.0458984375,30.733617782592773,57.47185134887695
2018-11-07,49.59822463989258,116.85848999023438,90.33572387695312,38.97488784790039,103.84197235107422,90.99284362792969,74.79814910888672,136.8164520263672,31.028072357177734,58.20085144042969
2018-11-08,49.4251708984375,117.30255889892578,91.06501007080078,38.943302154541016,103.6472396850586,91.3470230102539,74.85549926757812,137.24168395996094,31.19463348388672,57.27557373046875
2018-11-09,48.472171783447266,117.33485412597656,90.1817626953125,39.21961212158203,101.6252670288086,92.46468353271484,75.7157974243164,136.01318359375,31.396886825561523,57.26142883300781
2018-11-12,46.030433654785156,117.56088256835938,88.28556823730469,39.36960220336914,99.12106323242188,92.06326293945312,75.95340728759766,132.03477478027344,30.894229888916016,56.52504348754883
2018-11-13,45.570526123046875,116.802001953125,88.8041763305664,39.361717224121094,99.18597412109375,92.1970443725586,76.58429718017578,132.03477478027344,30.61762809753418,55.2292594909668
2018-11-14,44.28329086303711,116.45487213134766,86.97284698486328,39.28276062011719,97.77940368652344,91.8114242553711,76.6007080078125,131.8174591064453,30.1982421875,54.797332763671875
2018-11-15,45.37614822387695,116.65672302246094,89.19313049316406,39.2669792175293,99.93118286132812,91.9294662475586,76.87928009033203,134.2788543701172,29.60635757446289,55.363792419433594
2018-11-16,45.87871551513672,117.859619140625,89.12830352783203,39.60643005371094,100.87199401855469,93.14942932128906,76.8710708618164,132.70729064941406,29.056102752685547,55.909000396728516
2018-11-19,44.060455322265625,119.26431274414062,89.80897521972656,39.87484359741211,97.45337677001953,93.66888427734375,76.43684387207031,127.57626342773438,28.785438537597656,56.09311294555664
2018-11-20,41.955326080322266,118.23094177246094,87.88040161132812,38.982784271240234,94.74272918701172,91.29981231689453,75.46182250976562,126.26034545898438,28.006175994873047,54.49995422363281
2018-11-21,41.907901763916016,114.63036346435547,87.22404479980469,38.46963882446289,96.04681396484375,90.73311614990234,74.896484375,127.25435638427734,28.009145736694336,54.9177131652832
2018-11-23,40.843509674072266,114.82408905029297,86.42182159423828,38.69856262207031,96.00955200195312,90.83544158935547,75.00299072265625,125.78700256347656,28.285755157470703,53.45201110839844
2018-11-26,41.395851135253906,114.85659790039062,88.53675842285156,38.58014678955078,99.17662811279297,91.1895980834961,75.33072662353516,128.69334411621094,28.300628662109375,54.507049560546875
2018-11-27,41.30577850341797,116.35966491699219,88.9095230102539,38.97488784790039,99.80076599121094,91.64611053466797,75.96981048583984,128.6649627685547,28.267911911010742,54.556602478027344
2018-11-28,42.89408874511719,118.9757308959961,89.89812469482422,39.2432975769043,103.50814056396484,93.26747131347656,76.2074203491211,133.84332275390625,28.987701416015625,55.54790115356445
2018-11-29,42.56459045410156,118.49642181396484,89.18502807617188,38.97276306152344,102.641845703125,93.0864486694336,76.05174255371094,131.6848907470703,28.9371280670166,55.979801177978516
2018-11-30,42.334625244140625,119.34941864013672,90.10071563720703,40.102630615234375,103.29389190673828,95.97498321533203,77.43643188476562,134.15573120117188,29.04420280456543,56.29137420654297
2018-12-03,43.813899993896484,118.78887939453125,90.9515380859375,39.53769302368164,104.41168212890625,93.645263671875,76.46143341064453,137.27041625976562,29.37138557434082,57.50924301147461
2018-12-04,41.8865852355957,118.64262390136719,86.89180755615234,39.45016098022461,101.08623504638672,92.7165298461914,76.45321655273438,131.24945068359375,28.496936798095703,56.24178695678711
2018-12-06,41.41956329345703,118.545166015625,85.23872375488281,39.291038513183594,101.71033477783203,92.69116973876953,76.64985656738281,133.5309295654297,28.34142303466797,55.505409240722656
2018-12-07,39.94268035888672,118.15515899658203,83.6991195678711,39.06027603149414,97.63967895507812,91.88196563720703,75.74856567382812,129.8009796142578,27.868919372558594,54.974365234375
2018-12-10,40.205814361572266,118.01701354980469,82.13519287109375,39.17964172363281,100.21992492675781,92.17549896240234,76.22380828857422,130.5299530029297,28.09320831298828,54.19546890258789
2018-12-11,39.97585678100586,119.02449798583984,81.33294677734375,39.41834259033203,101.15142059326172,93.04813385009766,76.94486236572266,129.51695251464844,28.066295623779297,54.29462432861328
2018-12-12,40.0872802734375,119.51195526123047,81.8596420288086,39.16372299194336,101.60789489746094,92.81807708740234,77.04314422607422,130.45416259765625,27.844993591308594,53.827293395996094
2018-12-13,40.525840759277344,120.1131591796875,81.94068145751953,39.36265563964844,101.95254516601562,93.8890609741211,79.05875396728516,130.2080078125,27.80013084411621,54.507049560546875
2018-12-14,39.2291145324707,108.05634307861328,81.26811218261719,39.25920867919922,98.76680755615234,90.39844512939453,79.18165588378906,127.88861846923828,27.468191146850586,53.51573944091797
2018-12-17,38.86403274536133,104.92030334472656,80.23089599609375,38.4555549621582,95.84186553955078,89.54170227050781,76.01078033447266,124.39531707763672,27.145206451416016,52.42531967163086
2018-12-18,39.36897659301758,105.96021270751953,79.85002136230469,38.44760513305664,96.84791564941406,88.72455596923828,75.78134155273438,125.58817291259766,27.237913131713867,50.98085403442383
2018-12-19,38.140995025634766,103.67723846435547,78.83709716796875,38.11341094970703,96.58708190917969,87.2966079711914,75.18324279785156,124.26280975341797,27.07941246032715,50.117008209228516
2018-12-20,37.17851257324219,104.21346282958984,78.15641784667969,37.826969146728516,94.55642700195312,87.43145751953125,74.54415130615234,121.89610290527344,26.101505279541016,48.59467315673828
2018-12-21,35.7324333190918,104.06722259521484,76.30887603759766,37.85083770751953,91.50111389160156,86.80474090576172,74.53594207763672,117.63597106933594,26.056644439697266,48.23356246948242
2018-12-24,34.80790328979492,99.80184173583984,74.66390228271484,36.56977081298828,87.68196105957031,84.11538696289062,71.57809448242188,115.24082946777344,25.664888381958008,46.38550567626953
2018-12-26,37.25911331176758,102.94601440429688,77.7593765258789,37.34956741333008,93.6714859008789,85.94003295898438,73.8149185180664,123.28771209716797,27.037551879882812,48.601749420166016
2018-12-27,37.017311096191406,103.51473999023438,78.63455200195312,37.81901168823242,94.2490234375,86.80474090576172,75.3962631225586,124.97280883789062,27.390430450439453,48.81418228149414
2018-12-28,37.03628921508789,103.4010009765625,78.46436309814453,37.556434631347656,93.51314544677734,87.55046081542969,74.70802307128906,123.95989227294922,27.551921844482422,48.268951416015625
2018-12-31,37.394248962402344,104.84720611572266,79.10450744628906,37.6757926940918,94.61229705810547,87.64564514160156,75.31433868408203,124.90657043457031,27.85696029663086,48.28312301635742
2019-01-02,37.436920166015625,103.79100799560547,80.47398376464844,37.34160232543945,94.19315338134766,86.69367218017578,74.78993225097656,125.8343276977539,27.913776397705078,49.34522247314453
2019-01-03,33.707916259765625,102.14171600341797,79.33030700683594,37.1108512878418,90.72793579101562,85.88448333740234,74.26557159423828,121.29967498779297,27.770231246948242,48.58760070800781
2019-01-04,35.14690017700195,103.85597229003906,82.25484466552734,37.85083770751953,94.9476547241211,87.64564514160156,75.78134155273438,126.52542114257812,27.94368553161621,50.37901306152344
2019-01-07,35.06866455078125,103.18978118896484,82.3120346069336,37.357513427734375,95.06874084472656,86.89198303222656,75.47823333740234,128.80691528320312,28.272640228271484,50.6409912109375
2019-01-08,35.73719024658203,105.58651733398438,82.15679931640625,37.77922439575195,95.758056640625,87.7249755859375,75.75675964355469,129.50747680664062,28.47001838684082,51.009178161621094
2019-01-09,36.34406280517578,104.74967193603516,82.0179443359375,37.05515670776367,97.12734985351562,85.27363586425781,74.51956176757812,131.03164672851562,28.3773136138916,51.27825164794922
2019-01-10,36.46022033691406,105.38339233398438,82.00975799560547,37.4529914855957,96.50325012207031,85.79723358154297,74.6998291015625,131.27777099609375,28.39824676513672,51.01627731323242
2019-01-11,36.10224914550781,105.41588592529297,81.61767578125,37.6678352355957,95.758056640625,85.8051528930664,75.19145965576172,130.70033264160156,28.36236000061035,50.7826042175293
2019-01-14,35.55938720703125,104.22158813476562,82.45909118652344,37.51664733886719,95.0594253540039,85.13877868652344,74.68343353271484,129.79151916503906,28.39525604248047,50.7188835144043
2019-01-15,36.28716278076172,105.09903717041016,83.06360626220703,37.85083770751953,97.81664276123047,86.46361541748047,75.3880844116211,130.01869201660156,28.784021377563477,50.74720001220703
2019-01-16,36.730472564697266,104.02658081054688,83.73343658447266,37.33363723754883,98.16133117675781,85.94794464111328,74.86370086669922,130.01869201660156,28.813934326171875,50.72595977783203
2019-01-17,36.948570251464844,104.87966918945312,84.0765380859375,37.445045471191406,98.85063934326172,86.64608001708984,74.85295867919922,129.96188354492188,28.930559158325195,51.07290267944336
2019-01-18,37.17615509033203,106.17961120605469,85.4408187866211,37.88266372680664,100.33173370361328,87.32038116455078,75.49708557128906,131.11688232421875,29.22663116455078,51.681846618652344
2019-01-22,36.34169006347656,104.64403533935547,84.09291076660156,37.970191955566406,98.44078063964844,87.19346618652344,74.6877670288086,130.69085693359375,29.15485382080078,50.90296173095703
2019-01-23,36.48866271972656,104.64403533935547,83.8804931640625,38.40782165527344,99.40021514892578,87.8439712524414,78.3214340209961,129.70626831054688,29.519699096679688,50.48521423339844
2019-01-24,36.1994514465332,103.20600128173828,83.92951202392578,37.94631576538086,98.92513275146484,86.86820983886719,77.87547302246094,130.35952758789062,29.415040969848633,50.556026458740234
2019-01-25,37.398983001708984,104.18096923828125,84.46052551269531,37.691707611083984,99.82869720458984,86.74921417236328,77.29740142822266,131.27777099609375,28.990373611450195,50.7826042175293
2019-01-28,37.05288314819336,104.7984390258789,84.86078643798828,37.532569885253906,97.88187408447266,86.3287353515625,77.23133087158203,128.74061584472656,29.026264190673828,50.44272994995117
2019-01-29,36.66883850097656,105.88712310791016,85.09769439697266,37.71558380126953,95.88847351074219,86.47151947021484,77.24786376953125,127.80342102050781,28.921592712402344,50.6338996887207
2019-01-30,39.174583435058594,106.95143127441406,85.29376220703125,38.08158493041992,99.0927963256836,87.91535186767578,78.05716705322266,130.26483154296875,28.35039710998535,51.18620681762695
2019-01-31,39.45669174194336,108.1213607788086,84.55036163330078,38.29643249511719,97.27638244628906,89.38301849365234,79.66752624511719,127.81291198730469,28.658428192138672,51.88719177246094
2019-02-01,39.475650787353516,109.03131103515625,84.86078643798828,38.749969482421875,95.73941040039062,89.0022201538086,80.49333190917969,132.67889404296875,28.069286346435547,53.75648880004883
2019-02-04,40.596961975097656,107.95887756347656,85.16304016113281,39.187591552734375,98.49665069580078,89.71621704101562,80.9558334350586,133.9569549560547,28.34142303466797,52.977603912353516
2019-02-05,41.29154586791992,107.95887756347656,84.78726196289062,39.1955451965332,99.87528228759766,89.56547546386719,80.46858978271484,134.93206787109375,28.589643478393555,53.5228271484375
2019-02-06,41.30577850341797,108.05634307861328,84.74642181396484,39.1955451965332,98.76680755615234,89.68447875976562,80.8649673461914,133.94749450683594,28.601600646972656,53.289154052734375
2019-02-07,40.52347183227539,107.28453063964844,83.63542175292969,39.32285690307617,98.0588607788086,89.71621704101562,80.22084045410156,132.69786071777344,28.927568435668945,52.87849426269531
2019-02-08,40.57107925415039,107.56886291503906,82.80218505859375,39.38652038574219,98.43143463134766,89.66067504882812,80.69155883789062,132.89666748046875,28.583663940429688,52.96440887451172
2019-02-11,40.337764739990234,107.24391174316406,82.41006469726562,39.47404098510742,98.04022979736328,89.62100219726562,81.15399932861328,133.29428100585938,28.769071578979492,53.0503044128418
2019-02-12,40.685367584228516,108.99879455566406,83.81515502929688,39.51381301879883,99.56788635253906,90.27153015136719,81.97160339355469,134.42080688476562,28.999345779418945,53.981021881103516
2019-02-13,40.516334533691406,109.23442077636719,84.21543884277344,39.61725997924805,99.49335479736328,90.5333251953125,81.9550552368164,135.8408660888672,29.289430618286133,54.589542388916016
2019-02-14,40.6639404296875,109.12066650390625,83.6681137084961,36.27537536621094,99.57721710205078,89.31957244873047,81.3109359741211,135.7649688720703,29.46287727355957,54.603878021240234
2019-02-15,40.573455810546875,110.80247497558594,86.22505187988281,35.99688720703125,100.8067855834961,91.95335388183594,81.32742309570312,137.42459106445312,29.90249252319336,55.634788513183594
2019-02-19,40.694889068603516,110.24188995361328,85.92279052734375,35.670654296875,100.76020050048828,91.96923065185547,82.57441711425781,136.97885131835938,30.563398361206055,56.00709533691406
2019-02-20,40.95677185058594,110.7780990600586,86.33941650390625,35.8854866027832,100.23634338378906,91.889892578125,81.98809814453125,137.25389099121094,29.869598388671875,56.221866607666016
2019-02-21,40.72583770751953,110.0224838256836,86.1596908569336,36.490211486816406,102.35050201416016,92.10409545898438,82.4010238647461,136.5615997314453,29.723060607910156,55.71355056762695
2019-02-22,41.18056869506836,110.98119354248047,85.77572631835938,36.028717041015625,103.80986785888672,92.627685546875,82.78913116455078,138.33497619628906,29.770904541015625,56.143104553222656
2019-02-25,41.48054885864258,111.3901138305664,86.67433166503906,35.758182525634766,104.38983154296875,92.07235717773438,82.22760009765625,138.5152130126953,29.642314910888672,56.20039367675781
2019-02-26,41.504364013671875,111.31651306152344,86.01265716552734,35.559268951416016,105.11018371582031,92.00096130371094,82.44229888916016,139.444580078125,29.51372718811035,56.31495666503906
2019-02-27,41.63291931152344,111.12023162841797,85.90643310546875,35.758182525634766,104.93241882324219,91.52497863769531,81.68256378173828,139.6152801513672,29.340272903442383,56.894832611083984
2019-02-28,41.223426818847656,111.74996185302734,85.25291442871094,36.07646179199219,104.80147552490234,92.48307800292969,81.38523864746094,140.4687957763672,29.603431701660156,56.579830169677734
2019-03-01,41.65673065185547,113.14849090576172,85.31011199951172,36.108272552490234,105.26920318603516,92.91493225097656,81.2944107055664,141.74903869628906,29.286436080932617,57.27427673339844
2019-03-04,41.86624526977539,113.25477600097656,85.11405181884766,36.3231201171875,105.0166244506836,92.90692138671875,81.6495132446289,140.31707763671875,29.26251220703125,57.496219635009766
2019-03-05,41.790061950683594,113.49198913574219,85.04869079589844,36.2833366394043,104.49275970458984,92.79496002197266,81.8311767578125,140.30752563476562,29.409046173095703,57.410316467285156
2019-03-06,41.54959487915039,113.7536849975586,84.73008728027344,36.16399002075195,104.53953552246094,93.29881286621094,81.69906616210938,140.1748046875,29.385128021240234,56.75881576538086
2019-03-07,41.06867599487305,113.05850982666016,84.11740112304688,36.028717041015625,103.26727294921875,92.85095977783203,81.38523864746094,139.2454071044922,29.142892837524414,57.38883972167969
2019-03-08,41.166290283203125,112.91129302978516,84.15007781982422,35.67861557006836,103.37955474853516,92.1551742553711,81.2696533203125,139.7385711669922,29.184757232666016,56.565513610839844
2019-03-11,42.592369079589844,113.32020568847656,85.24475860595703,36.744834899902344,105.54981994628906,93.2428207397461,82.23583984375,142.88706970214844,29.45092010498047,57.11677932739258
2019-03-12,43.070919036865234,113.82728576660156,84.99150085449219,36.641395568847656,106.28888702392578,93.22684478759766,82.62398529052734,143.8922882080078,29.41802406311035,57.27427673339844
2019-03-13,43.261375427246094,114.01538848876953,85.27742767333984,36.77666091918945,107.1120834350586,93.23483276367188,83.55717468261719,144.59408569335938,29.615398406982422,57.782596588134766
2019-03-14,43.742313385009766,112.87862396240234,86.05349731445312,36.680355072021484,107.19628143310547,92.3711166381836,83.67279815673828,146.23475646972656,29.531208038330078,57.589298248291016
2019-03-15,44.31130599975586,112.53510284423828,87.04197692871094,36.359291076660156,108.43111419677734,92.49908447265625,84.59771728515625,147.4296417236328,29.59134292602539,57.381683349609375
2019-03-18,44.763668060302734,112.18342590332031,87.56478881835938,36.447593688964844,109.98400115966797,93.78667449951172,83.8296890258789,146.95550537109375,29.964170455932617,58.047481536865234
2019-03-19,44.4089241027832,113.22207641601562,87.24617004394531,36.567970275878906,110.05885314941406,94.44244384765625,84.1517562866211,146.6045379638672,30.02129364013672,57.897151947021484
2019-03-20,44.79698944091797,112.28158569335938,85.38362884521484,36.543907165527344,109.9372329711914,94.62639617919922,84.00312042236328,145.8079376220703,29.657493591308594,58.21930694580078
2019-03-21,46.44688034057617,112.94403839111328,84.03571319580078,36.52784729003906,112.46302032470703,95.52212524414062,84.63899230957031,147.75209045410156,29.783775329589844,58.555789947509766
2019-03-22,45.48503494262695,111.97078704833984,81.49512481689453,36.864959716796875,109.49755859375,96.54582214355469,83.95358276367188,145.16305541992188,29.549257278442383,57.6179313659668
2019-03-25,44.93507766723633,111.72544860839844,80.81709289550781,36.945220947265625,110.0682144165039,96.64977264404297,84.20130920410156,145.12518310546875,29.516172409057617,57.217002868652344
2019-03-26,44.470821380615234,113.32842254638672,81.62582397460938,37.43482208251953,110.30207061767578,97.58547973632812,85.07667541503906,147.27789306640625,29.561279296875,57.961578369140625
2019-03-27,44.87080001831055,113.4347152709961,81.34808349609375,37.410743713378906,109.2356185913086,97.48151397705078,84.97760772705078,146.2537078857422,29.2275447845459,57.517704010009766
2019-03-28,44.930320739746094,113.58194732666016,82.27119445800781,37.38666534423828,109.38529205322266,97.4415283203125,85.5143814086914,146.68043518066406,29.203493118286133,57.80406951904297
2019-03-29,45.223148345947266,114.3261489868164,82.69596099853516,37.61138916015625,110.33013916015625,98.00935363769531,85.92729187011719,148.12188720703125,29.323755264282227,57.847049713134766
2019-04-01,45.53028869628906,113.66373443603516,85.48164367675781,37.499027252197266,111.3404312133789,97.56948852539062,85.58871459960938,149.1365966796875,29.410945892333984,58.512847900390625
2019-04-02,46.192134857177734,112.62506866455078,85.89012908935547,37.378639221191406,111.49948120117188,97.3135757446289,85.67955017089844,149.6298065185547,29.146366119384766,58.26228332519531
2019-04-03,46.508785247802734,112.18342590332031,86.0616455078125,37.065608978271484,112.22913360595703,97.21759796142578,85.6300048828125,150.274658203125,29.221532821655273,57.91862869262695
2019-04-04,46.58972930908203,110.87489318847656,86.89305114746094,37.306400299072266,111.65850067138672,97.1456298828125,85.41527557373047,149.49697875976562,29.498138427734375,58.7419319152832
2019-04-05,46.9016227722168,111.37376403808594,86.68724822998047,37.29836654663086,112.15433502197266,97.26558685302734,85.59695434570312,149.50650024414062,29.71462059020996,59.056949615478516
2019-04-08,47.639652252197266,111.3410873413086,86.96714782714844,37.36258316040039,112.19173431396484,97.56948852539062,86.68706512451172,149.601318359375,29.834880828857422,59.42206954956055
2019-04-09,47.49680709838867,110.87489318847656,86.32505798339844,37.458892822265625,111.58367919921875,97.7054443359375,86.4310531616211,149.35475158691406,29.672531127929688,58.65602111816406
2019-04-10,47.76345443725586,110.8830795288086,86.71195983886719,37.43482208251953,112.43496704101562,97.60147094726562,86.42276763916016,150.36952209472656,29.946134567260742,58.39113235473633
2019-04-11,47.36587142944336,110.5804672241211,87.444580078125,37.49100112915039,112.56593322753906,97.30555725097656,86.50536346435547,149.70562744140625,30.30692481994629,58.670345306396484
2019-04-12,47.3468132019043,111.2101821899414,91.5439224243164,37.51509094238281,113.14591217041016,97.7534408569336,86.76138305664062,151.39373779296875,30.535429000854492,57.93293762207031
2019-04-15,47.432518005371094,111.65184020996094,90.49850463867188,37.7237663269043,113.23943328857422,98.89704895019531,87.314697265625,152.1523895263672,30.7970027923584,57.73963165283203
2019-04-16,47.43729019165039,112.87862396240234,91.45338439941406,37.68363571166992,112.97752380371094,97.89738464355469,87.88450622558594,151.95323181152344,30.947336196899414,58.133399963378906
2019-04-17,48.36103057861328,113.28751373291016,94.0875015258789,37.9484977722168,113.91299438476562,101.57621765136719,88.03085327148438,152.1523895263672,31.016489028930664,58.29804992675781
2019-04-18,48.53483963012695,112.46968841552734,93.39603424072266,38.109031677246094,115.40977478027344,101.64019012451172,88.19721221923828,151.8868408203125,31.02250862121582,58.083274841308594
2019-04-22,48.6943473815918,112.72323608398438,93.51128387451172,38.044837951660156,115.77459716796875,101.12036895751953,88.16392517089844,152.1144256591797,30.77896499633789,59.350467681884766
2019-04-23,49.39669418334961,114.41613006591797,93.62653350830078,38.6949462890625,117.34619903564453,101.64019012451172,85.79370880126953,153.30935668945312,30.989429473876953,59.694122314453125
2019-04-24,49.32048797607422,113.84364318847656,93.47012329101562,38.51036071777344,116.94393920898438,101.50425720214844,86.23450469970703,153.1481475830078,31.12773895263672,58.534332275390625
2019-04-25,48.87290573120117,114.21166229248047,93.51950073242188,38.39799118041992,120.81682586669922,100.87245178222656,85.89350128173828,152.70242309570312,31.12472915649414,58.86366271972656
2019-04-26,48.63959884643555,114.8168716430664,94.22742462158203,38.735084533691406,121.50908660888672,101.08837890625,88.0392074584961,154.51380920410156,30.526405334472656,57.62508773803711
2019-04-29,48.713401794433594,114.36705017089844,95.58565521240234,38.863502502441406,121.3968276977539,101.3202896118164,87.1410140991211,155.67076110839844,30.535429000854492,57.25278854370117
2019-04-30,47.77536392211914,115.47933959960938,95.52803039550781,39.377193450927734,122.17327117919922,102.40798950195312,88.55482482910156,155.936279296875,30.92028045654297,57.47473907470703
2019-05-01,50.120452880859375,116.09272003173828,94.79541015625,38.99995422363281,119.6287612915039,101.76017761230469,87.26573944091797,154.38099670410156,30.475297927856445,56.32209014892578
2019-05-02,49.794273376464844,115.54475402832031,95.00120544433594,38.83942794799805,118.0665283203125,101.4322738647461,87.78970336914062,152.7972869873047,30.412153244018555,55.33413314819336
2019-05-03,50.41328048706055,116.1417465209961,95.58565521240234,39.10429382324219,120.58294677734375,102.10407257080078,88.2221450805664,153.6697235107422,30.691774368286133,55.462989807128906
2019-05-06,49.634761810302734,116.20719909667969,94.73779296875,38.90364456176758,119.88134002685547,101.78414916992188,87.88949584960938,153.89732360839844,30.8060302734375,55.21957015991211
2019-05-07,48.296756744384766,114.47339630126953,93.19024658203125,38.52640151977539,117.42105865478516,100.75248718261719,87.07449340820312,151.9342498779297,30.457250595092773,54.926048278808594
2019-05-08,48.30628204345703,114.3261489868164,92.69634246826172,38.4059944152832,117.41169738769531,100.78448486328125,87.3821792602539,152.4558563232422,30.156593322753906,55.011932373046875
2019-05-09,47.787261962890625,113.45922088623047,92.62224578857422,38.044837951660156,117.4023208618164,100.8084716796875,86.69190979003906,151.5549774169922,30.08707618713379,54.96183776855469
2019-05-10,47.12525177001953,113.72096252441406,92.6140365600586,38.678897857666016,118.92715454101562,102.37599182128906,88.16392517089844,152.40841674804688,30.803438186645508,55.439754486083984
2019-05-13,44.38636016845703,112.20796966552734,90.09515380859375,38.5665397644043,115.39105987548828,101.6961669921875,88.24710083007812,149.2030487060547,30.192869186401367,54.82426071166992
2019-05-14,45.089012145996094,111.8971939086914,90.81130981445312,39.08021926879883,116.68199157714844,101.89612579345703,87.82295227050781,151.9342498779297,30.313772201538086,54.89664840698242
2019-05-15,45.629146575927734,111.97078704833984,90.4655990600586,39.4734992980957,118.32515716552734,103.4476547241211,88.73778533935547,154.38099670410156,30.189838409423828,55.30218505859375
2019-05-16,45.42837142944336,113.03397369384766,91.62623596191406,39.7945556640625,121.0574722290039,104.18342590332031,89.91040802001953,156.593994140625,30.622068405151367,55.29494094848633
2019-05-17,45.170249938964844,113.36112976074219,91.1817398071289,39.489566802978516,120.24999237060547,104.37535095214844,89.36152648925781,155.85316467285156,30.486059188842773,54.969078063964844
2019-05-20,43.75779342651367,113.20574188232422,91.6591567993164,39.20863723754883,118.51294708251953,103.95947265625,89.26172637939453,155.2643280029297,30.685562133789062,54.96184158325195
2019-05-21,44.596675872802734,112.96038818359375,91.97197723388672,39.00796890258789,119.15142822265625,103.20772552490234,88.46334838867188,155.6347198486328,30.564653396606445,55.21527099609375
2019-05-22,43.68370056152344,113.4837875366211,91.22286224365234,39.85074996948242,119.87440490722656,104.02348327636719,88.75440216064453,155.99566650390625,30.9001522064209,54.71562957763672
2019-05-23,42.93803787231445,114.3261489868164,89.42840576171875,40.01127624511719,118.47541046142578,103.94348907470703,88.78768157958984,153.40269470214844,30.78832244873047,53.43391799926758
2019-05-24,42.77312088012695,114.33440399169922,90.3091812133789,39.81864547729492,118.53172302246094,103.5676040649414,88.72947692871094,154.47601318359375,31.03315544128418,53.65839385986328
2019-05-28,42.59627151489258,112.86868286132812,89.32963562011719,39.40929412841797,118.45661163330078,102.07206726074219,86.87487030029297,155.49224853515625,30.957584381103516,52.579437255859375
2019-05-29,42.39313507080078,108.14215087890625,89.0826644897461,39.0160026550293,117.31111907958984,102.5039291381836,86.65033721923828,154.56150817871094,30.86690902709961,52.25357437133789
2019-05-30,42.613006591796875,108.78443908691406,88.12779998779297,39.529685974121094,118.0528564453125,102.8558578491211,87.59840393066406,154.5899658203125,30.8880558013916,52.1159782409668
2019-05-31,41.841041564941406,107.99392700195312,87.22232818603516,39.433380126953125,116.12804412841797,102.36797332763672,85.58580017089844,153.2317352294922,30.66136932373047,51.247013092041016
2019-06-03,41.41802978515625,108.23271942138672,87.63388061523438,40.11561965942383,112.52251434326172,103.15174102783203,86.32598876953125,150.63877868652344,30.81854248046875,52.05080795288086
2019-06-04,42.933258056640625,110.11840057373047,90.3338623046875,40.13166427612305,115.6397933959961,103.22371673583984,87.05785369873047,154.18154907226562,30.999906539916992,53.289093017578125
2019-06-05,43.626346588134766,110.65362548828125,90.6549072265625,40.75772476196289,118.14675903320312,105.0791244506836,88.76275634765625,157.0879364013672,31.562110900878906,52.84736633300781
2019-06-06,44.26686477661133,112.54754638671875,90.85245513916016,41.25535583496094,120.0152587890625,106.32379913330078,89.30329895019531,158.54110717773438,31.770671844482422,53.810462951660156
2019-06-07,45.44511413574219,114.0873794555664,89.8564453125,41.32758331298828,123.37664794921875,107.52413940429688,90.45931243896484,161.51400756835938,32.05781555175781,54.005985260009766
2019-06-10,46.0258674621582,114.4743881225586,90.82777404785156,41.23930740356445,124.5033950805664,107.62081146240234,90.41773986816406,162.24542236328125,32.49911880493164,54.24494552612305
2019-06-11,46.558834075927734,115.1002197265625,91.1076431274414,41.19917297363281,124.03387451171875,107.30661010742188,90.96660614013672,161.7609405517578,32.626060485839844,54.19424057006836
2019-06-12,46.4106559753418,116.66471862792969,89.94698333740234,41.44799041748047,123.4611587524414,107.25827026367188,91.21611785888672,162.9766845703125,32.89206314086914,53.60770797729492
2019-06-13,46.40108871459961,115.86604309082031,90.16925048828125,41.3590087890625,124.24048614501953,107.09717559814453,92.23908233642578,160.84918212890625,32.84067153930664,54.07840347290039
2019-06-14,46.064109802246094,115.35547637939453,90.39973449707031,41.504600524902344,124.362548828125,106.92800903320312,92.480224609375,161.14358520507812,32.96761703491211,53.839412689208984
2019-06-17,46.338951110839844,114.82022094726562,89.90582275390625,41.148704528808594,124.73814392089844,106.75882720947266,92.30558013916016,161.04864501953125,32.99482727050781,54.37527847290039
2019-06-18,47.42876052856445,115.47077178955078,91.13233947753906,40.962646484375,126.90705871582031,106.38823699951172,91.14958953857422,160.78265380859375,33.1429328918457,54.845977783203125
2019-06-19,47.29015350341797,115.65192413330078,90.47379302978516,41.35092544555664,127.40470123291016,107.02467346191406,91.83152770996094,162.1218719482422,33.13386154174805,54.54183578491211
2019-06-20,47.67015838623047,117.10114288330078,90.70429992675781,41.78772735595703,128.5877685546875,108.08000946044922,92.9293212890625,165.01881408691406,33.345455169677734,55.47597122192383
2019-06-21,47.50764465332031,117.00233459472656,90.08695220947266,41.698753356933594,128.60653686523438,107.91888427734375,92.480224609375,164.73390197753906,33.59027862548828,56.25804138183594
2019-06-24,47.4598503112793,117.80108642578125,89.44486236572266,41.99803161621094,129.36712646484375,108.06389617919922,93.42001342773438,165.123291015625,33.623531341552734,55.7221794128418
2019-06-25,46.74047088623047,118.7727279663086,88.70401000976562,41.86861801147461,125.28267669677734,107.79804229736328,92.91268157958984,162.68223571777344,33.46635818481445,55.22977066040039
2019-06-26,47.751426696777344,116.8046875,89.29670715332031,41.35092544555664,125.7521743774414,106.5976791381836,91.2577133178711,162.4733428955078,33.297088623046875,55.46873474121094
2019-06-27,47.737091064453125,115.8495101928711,89.593017578125,41.318565368652344,125.95872497558594,106.09016418457031,91.29927825927734,162.63478088378906,33.2789421081543,54.90389633178711
2019-06-28,47.30210876464844,114.68849182128906,92.02959442138672,41.189144134521484,125.78036499023438,105.6390380859375,91.191162109375,164.8383331298828,33.39683151245117,55.49045944213867
2019-07-01,48.16967010498047,114.75434875488281,93.57713317871094,41.73918914794922,127.39532470703125,106.23519134521484,91.88977813720703,165.2087860107422,33.436126708984375,55.439754486083984
2019-07-02,48.451683044433594,115.30602264404297,93.67591857910156,42.046566009521484,128.24034118652344,106.686279296875,92.71309661865234,166.48150634765625,33.73234558105469,54.83149719238281
2019-07-03,48.85318374633789,117.04350280761719,93.52669525146484,42.14363098144531,129.06663513183594,107.94303894042969,94.87540435791016,167.9916534423828,33.94996643066406,55.35287857055664
2019-07-05,48.810176849365234,115.7507095336914,94.08212280273438,42.1517333984375,128.69105529785156,107.16162872314453,94.10196685791016,167.792236328125,33.84719467163086,55.128395080566406
2019-07-08,47.80400848388672,116.080078125,93.5681381225586,42.06276321411133,128.59716796875,106.79105377197266,94.85044860839844,167.3457794189453,34.07087707519531,55.381839752197266
2019-07-09,48.095577239990234,116.44242858886719,93.9660873413086,41.73109817504883,128.12767028808594,106.13045501708984,93.90238189697266,168.80850219726562,34.119232177734375,55.34562683105469
2019-07-10,48.5711784362793,116.2777099609375,93.69248962402344,41.917144775390625,129.43283081054688,108.28141021728516,94.60096740722656,170.30921936035156,34.14945602416992,56.12769317626953
2019-07-11,48.21745300292969,115.37194061279297,94.58778381347656,42.09510803222656,129.94921875,108.2330551147461,95.12489318847656,171.66741943359375,34.43359375,56.171142578125
2019-07-12,48.58791732788086,110.58776092529297,95.58259582519531,42.159820556640625,130.4186553955078,107.37105560302734,95.63220977783203,171.27798461914062,34.639129638671875,56.21459197998047
2019-07-15,49.04438781738281,110.9253921508789,94.4220199584961,42.16790771484375,130.4186553955078,108.07193756103516,96.03971862792969,171.5059356689453,34.75398635864258,55.81631088256836
2019-07-16,48.87471008300781,109.10555267333984,95.43336486816406,42.175987243652344,128.70982360839844,107.78997802734375,96.3807144165039,170.30921936035156,34.687477111816406,54.98353958129883
2019-07-17,48.599857330322266,108.57857513427734,94.49662017822266,42.20835494995117,127.94931030273438,106.96825408935547,96.42227935791016,170.15719604492188,34.639129638671875,54.65771484375
2019-07-18,49.151947021484375,108.75150299072266,95.06031799316406,42.08700942993164,128.09011840820312,107.04884338378906,96.62820434570312,171.4679718017578,34.67540740966797,54.19424057006836
2019-07-19,48.41823196411133,107.30226135253906,94.12356567382812,41.569313049316406,128.27792358398438,104.80121612548828,96.26826477050781,170.24270629882812,34.42754364013672,54.30286407470703
2019-07-22,49.52477264404297,105.92710876464844,94.72874450683594,41.43180465698242,129.97738647460938,104.95426177978516,96.51101684570312,171.5059356689453,34.10110855102539,54.360809326171875
2019-07-23,49.91193771362305,106.09178924560547,96.4613037109375,43.94748306274414,130.78489685058594,105.32484436035156,95.29730224609375,171.81942749023438,33.88045883178711,54.57805633544922
2019-07-24,49.87131881713867,106.86580657958984,96.85093688964844,43.50259780883789,132.12754821777344,104.09227752685547,94.25101470947266,174.1273651123047,33.85325622558594,54.570804595947266
2019-07-25,49.47697067260742,107.9692153930664,95.92247772216797,42.928279876708984,131.62989807128906,103.91502380371094,94.39330291748047,172.47470092773438,33.91973876953125,54.259422302246094
2019-07-26,49.64905548095703,107.6480712890625,96.34524536132812,43.81806182861328,132.709716796875,105.7115249633789,96.0339126586914,174.4693145751953,34.16156005859375,54.17253494262695
2019-07-29,50.112709045410156,109.53375244140625,96.03853607177734,43.67245864868164,132.4186553955078,105.96127319335938,97.09696197509766,174.01344299316406,33.93486022949219,54.55632019042969
2019-07-30,49.897605895996094,108.75973510742188,95.82299041748047,43.45404815673828,131.78016662597656,105.11538696289062,100.7883071899414,172.41775512695312,33.87137222290039,54.563560485839844
2019-07-31,50.91572952270508,107.2281494140625,96.16289520263672,42.57236862182617,127.94931030273438,102.96440887451172,98.80452728271484,169.06495666503906,33.36358642578125,53.84666061401367
2019-08-01,49.81395721435547,107.28575897216797,93.62616729736328,42.08700942993164,129.6299591064453,102.42463684082031,97.70799255371094,170.17625427246094,33.06132125854492,52.47079849243164
2019-08-02,48.759986877441406,107.92806243896484,93.61788177490234,42.32969284057617,128.5408172607422,103.05302429199219,97.46527099609375,168.51406860351562,33.0673713684082,51.9566764831543
2019-08-05,46.20750427246094,107.17872619628906,90.83248138427734,41.779632568359375,124.13720703125,100.21731567382812,94.65278625488281,160.38375854492188,31.985271453857422,50.89220428466797
2019-08-06,47.08224105834961,107.68102264404297,91.54541015625,42.28114700317383,126.46575927734375,101.8687744140625,95.6572265625,163.82200622558594,32.42354202270508,51.384620666503906
2019-08-07,47.56978225708008,107.21990966796875,89.55583190917969,43.017250061035156,127.01970672607422,102.94023132324219,96.69514465332031,166.51950073242188,32.70465087890625,51.05150604248047
2019-08-08,48.61896896362305,108.43032836914062,91.0728988647461,43.429786682128906,130.40931701660156,104.30170440673828,98.30230712890625,170.8695831298828,32.96284103393555,52.412879943847656
2019-08-09,48.21833419799805,108.72679138183594,90.97338104248047,43.211387634277344,129.30137634277344,103.60084533691406,97.74983978271484,170.062255859375,32.5861930847168,51.2977180480957
2019-08-12,48.09598159790039,108.6362075805664,89.26567077636719,43.03342819213867,127.49858093261719,103.39944458007812,97.1220474243164,167.48826599121094,31.960474014282227,51.04844284057617
2019-08-13,50.13277816772461,109.86312103271484,90.64180755615234,43.27610778808594,130.13702392578125,104.67227935791016,98.14324951171875,169.6443328857422,32.62567901611328,51.678951263427734
2019-08-14,48.64058303833008,107.26105499267578,86.87821197509766,42.863563537597656,126.2180404663086,104.01976776123047,96.92115783691406,164.80035400390625,32.25814437866211,49.596839904785156
2019-08-15,48.39826202392578,107.49163818359375,87.20977020263672,43.57539367675781,125.93537902832031,105.30873107910156,98.26043701171875,167.6633758544922,34.229469299316406,49.30357360839844
2019-08-16,49.54020690917969,108.16681671142578,89.298828125,44.01219177246094,128.2434539794922,106.14654541015625,99.75873565673828,169.52767944335938,34.32059860229492,50.07337951660156
2019-08-19,50.46384048461914,108.89970397949219,90.10295867919922,44.238677978515625,130.39137268066406,106.7990951538086,100.6460189819336,170.9639434814453,34.569679260253906,50.916481018066406
2019-08-20,50.466243743896484,107.54102325439453,88.9589614868164,43.5834846496582,129.30801391601562,106.38823699951172,99.52438354492188,170.48831176757812,34.03506088256836,50.60855484008789
2019-08-21,51.01322555541992,108.30682373046875,89.20764923095703,43.76143264770508,130.74932861328125,106.61382293701172,99.7754898071289,172.1053466796875,34.02595901489258,51.11442184448242
2019-08-22,50.97004699707031,108.09274291992188,90.12782287597656,44.0769157409668,129.79788208007812,106.87159729003906,99.95962524414062,171.296875,33.9925537109375,51.00446319580078
2019-08-23,48.61418151855469,105.17778015136719,87.88956451416016,43.47023010253906,125.6622085571289,104.9461898803711,98.20184326171875,166.6741485595703,33.66450881958008,49.47952651977539
2019-08-26,49.537811279296875,106.02396392822266,88.59420776367188,44.11735534667969,127.60283660888672,107.74163818359375,99.87593078613281,168.91888427734375,34.0168571472168,49.74345779418945
2019-08-27,48.97883224487305,107.55044555664062,87.65741729736328,44.26295471191406,127.87609100341797,108.5633773803711,100.90548706054688,169.67034912109375,34.1474609375,49.25959396362305
2019-08-28,49.3075065612793,106.75401306152344,88.53618621826172,44.578426361083984,127.70647430419922,108.9098129272461,101.61699676513672,169.94618225097656,34.23859786987305,49.61882781982422
2019-08-29,50.14236068725586,106.38899230957031,90.54232788085938,44.52988815307617,130.11814880371094,109.57844543457031,101.43283081054688,172.3240966796875,34.65168380737305,50.168678283691406
2019-08-30,50.077598571777344,106.48856353759766,91.0728988647461,44.521793365478516,129.87327575683594,110.15042114257812,100.63764190673828,171.99124145507812,34.706356048583984,50.20534133911133
2019-09-03,49.348289489746094,106.80381774902344,89.99520111083984,44.73210525512695,128.15870666503906,110.73851013183594,101.58351135253906,170.45028686523438,34.8217887878418,50.263973236083984
2019-09-04,50.185543060302734,106.90335845947266,91.0811767578125,45.11229705810547,129.65658569335938,112.09996032714844,103.13201904296875,172.89483642578125,35.20755386352539,50.79917526245117
2019-09-05,51.166751861572266,106.67105865478516,93.15364837646484,44.586517333984375,131.9363555908203,110.30323028564453,102.75537109375,175.71029663085938,35.064781188964844,51.51765060424805
2019-09-06,51.161956787109375,106.3641128540039,93.35261535644531,44.675498962402344,131.0414276123047,111.43074798583984,102.84742736816406,176.6709747314453,34.84912872314453,52.00152587890625
2019-09-09,51.380279541015625,105.31878662109375,95.66551971435547,44.10118103027344,129.55294799804688,110.6439208984375,102.26152801513672,172.685546875,35.335121154785156,52.41208267211914
2019-09-10,51.987239837646484,107.47579956054688,96.88411712646484,44.00410842895508,128.1963653564453,110.20590209960938,100.34468841552734,167.7394561767578,35.250083923339844,52.83729934692383
2019-09-11,53.640167236328125,108.81975555419922,97.14937591552734,44.303401947021484,128.2340087890625,110.61150360107422,101.50814819335938,166.43637084960938,35.24095153808594,52.73466110229492
2019-09-12,53.52021789550781,108.2058334350586,97.74624633789062,44.578426361083984,129.55294799804688,111.36585998535156,102.76372528076172,169.2898406982422,35.51433563232422,52.771324157714844
2019-09-13,52.47903823852539,108.4962158203125,99.66951751708984,44.21175765991211,129.364501953125,110.67637634277344,102.21965026855469,168.61448669433594,35.66924285888672,53.255191802978516
2019-09-16,52.75492858886719,107.46747589111328,98.78250122070312,43.96731185913086,128.43185424804688,109.41094207763672,100.23583984375,167.51121520996094,35.104278564453125,54.05432891845703
2019-09-17,52.94685745239258,107.57534790039062,98.29338836669922,44.195465087890625,129.43048095703125,110.07612609863281,101.41610717773438,167.83460998535156,35.38979721069336,53.64375686645508
2019-09-18,53.443458557128906,108.18925476074219,99.2798843383789,44.187313079833984,130.49501037597656,109.91390991210938,101.62535095214844,166.731201171875,35.58722686767578,53.38715744018555
2019-09-19,53.00923538208008,107.94036865234375,98.96487426757812,44.423606872558594,132.89727783203125,109.89765167236328,102.03551483154297,167.36849975585938,35.57204055786133,53.02791213989258
2019-09-20,52.23432540893555,109.21798706054688,98.56694793701172,43.92658233642578,131.36166381835938,109.27305603027344,102.32009887695312,165.56129455566406,35.532562255859375,52.84463882446289
2019-09-23,52.47183609008789,109.29263305664062,98.55036926269531,44.11398696899414,131.07907104492188,109.86519622802734,103.14038848876953,166.36978149414062,35.726951599121094,52.88129425048828
2019-09-24,52.22233963012695,109.13502502441406,97.26544189453125,44.244354248046875,129.42105102539062,109.8003158569336,103.4668197631836,165.96078491210938,35.96388244628906,52.155487060546875
2019-09-25,53.02602005004883,108.6704330444336,97.82087707519531,44.138423919677734,131.2863311767578,109.58128356933594,102.97297668457031,166.7217254638672,35.98514175415039,52.309452056884766
2019-09-26,52.752525329589844,106.89508056640625,97.01676177978516,44.317684173583984,131.45587158203125,110.09236907958984,104.05276489257812,167.07363891601562,35.933509826660156,52.030853271484375
2019-09-27,52.495826721191406,106.68766784667969,97.58873748779297,44.25250244140625,129.75076293945312,109.9949722290039,104.27042388916016,165.5042266845703,35.979068756103516,52.404754638671875
2019-09-30,53.73133850097656,107.33476257324219,97.56387329101562,44.358428955078125,130.97547912597656,111.21176147460938,104.11137390136719,163.6113739013672,36.0489387512207,51.76693344116211
2019-10-01,53.88008117675781,107.84081268310547,95.78984069824219,44.52954864501953,129.1290283203125,111.43074798583984,103.66773223876953,165.7800750732422,35.79681396484375,50.54990768432617
2019-10-02,52.5294189453125,109.50830078125,93.88316345214844,43.25028991699219,126.8492431640625,108.6484603881836,101.3491439819336,161.53775024414062,35.271331787109375,49.230255126953125
2019-10-03,52.97563934326172,108.83634185791016,93.74948120117188,43.86954116821289,128.38478088378906,111.88501739501953,101.9015884399414,164.4293670654297,35.32905578613281,49.83876037597656
2019-10-04,54.460636138916016,110.8854751586914,95.78006744384766,44.43990707397461,130.11814880371094,113.7912826538086,103.79329681396484,167.3874969482422,35.89098358154297,50.5645637512207
2019-10-07,54.47263717651367,110.47066497802734,95.57115936279297,43.89398193359375,129.17611694335938,112.21759033203125,102.82230377197266,166.36026000976562,35.60849380493164,49.86809158325195
2019-10-08,53.83449935913086,109.37557983398438,93.44027709960938,43.65768814086914,127.8100357055664,111.3253402709961,101.22355651855469,164.0013427734375,35.714805603027344,48.900352478027344
2019-10-09,54.46543884277344,107.20201873779297,94.11713409423828,43.86140060424805,130.2312469482422,111.82017517089844,102.10247039794922,166.34124755859375,36.1248779296875,49.4428825378418
2019-10-10,55.19954299926758,107.06929779052734,95.43743133544922,43.722877502441406,131.0414276123047,111.8525619506836,102.06900024414062,166.34124755859375,36.3314208984375,50.036705017089844
2019-10-11,56.66777038574219,108.95249938964844,97.05021667480469,43.429542541503906,131.58782958984375,111.64978790283203,101.35749053955078,168.414794921875,36.52278137207031,50.57191467285156
2019-10-14,56.58619689941406,108.4464111328125,97.30924987792969,43.429542541503906,131.46533203125,111.49568939208984,100.4869613647461,168.70016479492188,36.19776916503906,50.71852493286133
2019-10-15,56.45425796508789,110.2052001953125,100.2423095703125,43.60064697265625,133.36830139160156,110.58714294433594,98.10140991210938,170.02230834960938,36.30711364746094,50.894474029541016
2019-10-16,56.22633361816406,112.13819885253906,100.00833129882812,43.58435821533203,132.27552795410156,110.66017150878906,98.37763214111328,169.1852264404297,36.27370071411133,50.022056579589844
2019-10-17,56.44464874267578,112.96778106689453,100.56820678710938,43.828792572021484,131.59719848632812,111.09819030761719,98.24787902832031,169.25177001953125,36.401275634765625,49.95606994628906
2019-10-18,56.715736389160156,105.94100189208984,100.74371337890625,44.635459899902344,129.44931030273438,110.52228546142578,98.95551300048828,167.13070678710938,36.18865966796875,49.5675048828125
2019-10-21,57.699344635009766,106.20649719238281,103.24223327636719,44.187313079833984,130.41021728515625,110.41680145263672,100.31177520751953,167.81556701660156,36.37091064453125,50.39595413208008
2019-10-22,57.56740188598633,107.18543243408203,104.27843475341797,43.877681732177734,128.46957397460938,110.85481262207031,102.92317199707031,162.5175323486328,36.32231521606445,50.652557373046875
2019-10-23,58.33987808227539,107.76615142822266,104.55416870117188,44.521385192871094,129.2891387939453,111.49568939208984,103.6139144897461,162.95501708984375,36.25244140625,51.13642883300781
2019-10-24,58.435855865478516,105.77510070800781,104.4789810180664,44.49694061279297,131.83273315429688,111.8525619506836,105.12179565429688,167.55877685546875,36.1765022277832,50.652557373046875
2019-10-25,59.15556716918945,106.48026275634766,105.31460571289062,43.79621124267578,132.5769805908203,110.838623046875,103.82452392578125,169.166259765625,36.158287048339844,50.76985549926758
2019-10-28,59.74813461303711,107.16883087158203,105.71570587158203,43.64954376220703,135.83653259277344,110.78184509277344,104.01827239990234,171.0590362548828,36.212955474853516,50.32264709472656
2019-10-29,58.36628341674805,107.11906433105469,105.6488265991211,43.5191764831543,134.5553436279297,110.38433837890625,104.11933898925781,168.95703125,35.58420181274414,50.176002502441406
2019-10-30,58.359092712402344,110.2052001953125,105.06391143798828,43.95101547241211,136.2322235107422,111.04952239990234,105.2481460571289,170.49786376953125,35.87274932861328,49.64815139770508
2019-10-31,59.678565979003906,109.54151153564453,104.3870620727539,44.350276947021484,135.06402587890625,111.26853942871094,104.88593292236328,170.1268768310547,35.617610931396484,49.53818130493164
2019-11-01,61.372283935546875,108.84465026855469,106.79367065429688,43.918434143066406,135.39370727539062,111.0738525390625,104.3468017578125,172.0958709716797,35.726951599121094,51.02643966674805
2019-11-04,61.77531433105469,108.0399169921875,107.64599609375,43.29916000366211,136.17567443847656,109.63806915283203,100.30332946777344,170.21253967285156,35.71177291870117,52.5440559387207
2019-11-05,61.686553955078125,108.1975326538086,107.87999725341797,42.71250534057617,136.09088134765625,108.7052230834961,100.1601333618164,167.75848388671875,36.10360336303711,53.5850944519043
2019-11-06,61.71294403076172,108.64554595947266,108.047119140625,43.022132873535156,135.71405029296875,109.05403900146484,101.35630798339844,168.1389617919922,36.29800796508789,52.41208267211914
2019-11-07,62.425193786621094,109.03545379638672,108.63206481933594,42.606571197509766,135.9024658203125,108.14551544189453,100.7666244506836,169.71791076660156,36.51975631713867,53.526458740234375
2019-11-08,62.59603500366211,110.33792114257812,108.94960021972656,42.541404724121094,137.50401306152344,107.99139404296875,100.83401489257812,170.23155212402344,36.27976608276367,52.50993728637695
2019-11-11,63.09173583984375,109.49174499511719,108.56520080566406,42.23991012573242,137.645263671875,107.39112854003906,100.52235412597656,170.77374267578125,36.158287048339844,52.190887451171875
2019-11-12,63.033973693847656,108.96910095214844,107.93013000488281,42.13397979736328,138.5496826171875,107.05854797363281,100.47179412841797,170.9639434814453,36.182586669921875,51.47118377685547
2019-11-13,63.6379508972168,108.90272521972656,107.36192321777344,42.7043571472168,138.77577209472656,108.12116241455078,101.63431549072266,170.65003967285156,36.747554779052734,51.048240661621094
2019-11-14,63.19758987426758,108.64554595947266,107.46216583251953,42.88362121582031,139.4822998046875,108.15363311767578,101.5079574584961,171.2598114013672,36.64731979370117,50.825645446777344
2019-11-15,63.9483642578125,111.9473648071289,108.2392807006836,42.91621780395508,141.28164672851562,108.5429916381836,101.54163360595703,171.2788848876953,36.10663986206055,51.33761215209961
2019-11-18,64.27076721191406,111.85613250732422,109.150146484375,43.20953369140625,141.6301727294922,108.74577331542969,102.67886352539062,171.1740264892578,36.52582931518555,50.84048080444336
2019-11-19,64.07588195800781,111.84784698486328,109.1167221069336,43.25028991699219,141.6773223876953,109.15947723388672,102.2829360961914,174.13720703125,36.416473388671875,50.32109832763672
2019-11-20,63.329917907714844,112.77698516845703,108.3228759765625,43.36436462402344,141.4315643310547,108.4862060546875,103.01583099365234,173.07960510253906,36.18561935424805,50.476924896240234
2019-11-21,63.04600143432617,113.1917953491211,108.57355499267578,43.152503967285156,141.29920959472656,108.62411499023438,101.37316131591797,171.39321899414062,36.407352447509766,51.693763732910156
2019-11-22,62.99065017700195,114.54407501220703,109.29219818115234,43.20953369140625,141.40321350097656,108.75389862060547,101.3310546875,170.99310302734375,36.255489349365234,51.47118377685547
2019-11-25,64.0951156616211,114.59418487548828,109.87715148925781,43.36436462402344,142.9534454345703,108.5592041015625,101.51638793945312,172.42221069335938,36.121822357177734,51.1298713684082
2019-11-26,63.59461975097656,114.58584594726562,110.02754974365234,43.918434143066406,143.70968627929688,110.07612609863281,102.99057006835938,173.9276123046875,36.20384216308594,51.003719329833984
2019-11-27,64.4488525390625,115.07035064697266,110.35344696044922,43.959171295166016,143.98379516601562,110.2464370727539,102.56936645507812,175.66162109375,36.073238372802734,50.974037170410156
2019-11-29,64.30686950683594,114.8531494140625,110.10275268554688,43.83603286743164,143.09523010253906,110.18159484863281,102.8220443725586,175.7949676513672,36.17347717285156,50.55111312866211
2019-12-02,63.56334686279297,114.74454498291016,109.86044311523438,44.12335968017578,141.3654022216797,110.22212982177734,103.37805938720703,173.20343017578125,36.23118209838867,50.76628494262695
2019-12-03,62.43000030517578,114.57746887207031,108.4482192993164,44.16439437866211,141.13853454589844,109.88143157958984,103.5718002319336,173.30828857421875,36.0458984375,50.36561584472656
2019-12-04,62.98103332519531,116.43197631835938,110.5874252319336,44.5666389465332,141.64898681640625,111.37397766113281,104.90276336669922,172.06971740722656,36.05196762084961,50.936946868896484
2019-12-05,63.905025482177734,116.58230590820312,111.18907928466797,44.48454666137695,141.7245635986328,111.36991882324219,104.97857666015625,173.29876708984375,36.20452880859375,50.75886917114258
2019-12-06,65.1394271850586,117.26730346679688,112.84363555908203,44.67334747314453,143.4450225830078,112.20309448242188,104.61636352539062,173.56553649902344,36.546241760253906,51.57505416870117
2019-12-09,64.22748565673828,117.36753845214844,112.31719207763672,44.386043548583984,143.0763397216797,112.03968811035156,105.1891860961914,174.28009033203125,36.418094635009766,51.686344146728516
2019-12-10,64.60282135009766,116.94152069091797,112.39241027832031,44.139766693115234,142.85894775390625,111.31270599365234,104.68376159667969,173.65126037597656,36.350982666015625,51.24114990234375
2019-12-11,65.15387725830078,117.76851654052734,112.12499237060547,44.28752899169922,143.39772033691406,111.99071502685547,105.01227569580078,173.41307067871094,36.30825424194336,51.16695785522461
2019-12-12,65.31990814208984,118.06922912597656,115.33379364013672,44.44350051879883,144.8534393310547,112.05606079101562,104.93648529052734,174.0133056640625,36.54014587402344,52.190887451171875
2019-12-13,66.20777893066406,118.10269927978516,114.32267761230469,44.67334747314453,146.07284545898438,112.6768569946289,105.69462585449219,176.39523315429688,36.70186233520508,51.36729431152344
2019-12-16,67.34115600585938,118.4451675415039,114.76558685302734,44.67334747314453,147.01808166503906,111.95802307128906,105.77044677734375,177.4432830810547,36.77812957763672,51.93860626220703
2019-12-17,67.47349548339844,119.92375946044922,115.4675064086914,44.67334747314453,146.22409057617188,111.23101043701172,105.5598373413086,176.75729370117188,37.00391387939453,51.701175689697266
2019-12-18,67.31227111816406,119.61470794677734,115.35054016113281,44.254703521728516,145.92160034179688,111.06764221191406,104.46472930908203,176.1666259765625,36.570655822753906,51.842159271240234
2019-12-19,67.379638671875,121.4190673828125,114.77393341064453,44.59125900268555,147.18826293945312,111.47608184814453,105.23131561279297,177.72909545898438,36.637786865234375,51.48601150512695
2019-12-20,67.24007415771484,122.01215362548828,114.6820297241211,45.12485122680664,148.7952423095703,112.6605224609375,105.60195922851562,179.12014770507812,36.70186233520508,51.89408874511719
2019-12-23,68.33734130859375,122.32957458496094,114.64861297607422,45.075599670410156,148.7952423095703,111.9416732788086,105.21446228027344,178.2436065673828,36.317420959472656,52.15378189086914
2019-12-24,68.40230560302734,121.90354919433594,114.9661636352539,44.91141891479492,148.76687622070312,111.81920623779297,105.48400115966797,178.71046447753906,36.463871002197266,51.953460693359375
2019-12-26,69.75942993164062,121.82005310058594,116.18614959716797,45.165889739990234,149.9862518310547,111.65579986572266,105.48400115966797,180.22532653808594,36.466922760009766,52.035072326660156
2019-12-27,69.73296356201172,121.75320434570312,116.26971435546875,45.43679428100586,150.2603759765625,112.35013580322266,106.21688842773438,180.44447326660156,36.488285064697266,51.85699462890625
2019-12-30,70.14684295654297,121.37727355957031,115.84355163574219,45.371131896972656,148.96536254882812,111.7538070678711,104.85222625732422,178.9582061767578,36.43030548095703,51.552791595458984
2019-12-31,70.65936279296875,121.85343170166016,116.48696899414062,45.43679428100586,149.06935119628906,111.63947296142578,105.21446228027344,179.0248260498047,36.25944519042969,51.7753791809082
2020-01-02,72.27154541015625,121.93695068359375,117.89920806884766,45.141258239746094,151.8295440673828,110.94513702392578,103.95930480957031,182.0927734375,36.289955139160156,52.60639953613281
2020-01-03,71.56890869140625,120.52518463134766,116.3433609008789,44.89500045776367,149.93899536132812,110.78992462158203,103.26010131835938,180.64453125,35.96958923339844,52.1834716796875
2020-01-06,72.13920593261719,120.37484741210938,116.25083923339844,44.878570556640625,150.32656860351562,111.21468353271484,103.40331268310547,180.2539520263672,35.89636993408203,52.58412551879883
2020-01-07,71.79991912841797,121.10993957519531,114.27450561523438,44.53379440307617,148.95591735839844,109.46662139892578,102.76311492919922,179.77760314941406,35.56377410888672,52.15378189086914
2020-01-08,72.9549331665039,121.09324645996094,115.16596984863281,44.61589050292969,151.3285675048828,110.0302505493164,103.2011489868164,182.85501098632812,35.441749572753906,51.36729431152344
2020-01-09,74.50454711914062,121.45245361328125,115.58647918701172,45.4285774230957,153.2190704345703,110.10376739501953,104.32994842529297,184.1221466064453,35.80787658691406,51.76054000854492
2020-01-10,74.6729507446289,121.17680358886719,114.43429565429688,45.58454895019531,152.51014709472656,109.89140319824219,104.43102264404297,184.61761474609375,35.50886535644531,51.30051803588867
2020-01-13,76.26830291748047,121.7114028930664,115.3846206665039,46.07709503173828,154.34396362304688,111.52510833740234,105.19759368896484,186.1039276123047,35.356327056884766,51.790218353271484
2020-01-14,75.23844909667969,122.39636993408203,116.7302017211914,45.97037124633789,153.2568817138672,111.7865219116211,105.03756713867188,186.78993225097656,35.44784164428711,51.345027923583984
2020-01-15,74.91600799560547,122.80572509765625,114.98095703125,46.545013427734375,154.24945068359375,113.70609283447266,106.10738372802734,190.36282348632812,35.17325973510742,51.263427734375
2020-01-16,75.85443878173828,123.79981231689453,115.42668151855469,46.64350891113281,157.0758056640625,114.0409927368164,106.20004272460938,191.45846557617188,35.3624153137207,51.06308364868164
2020-01-17,76.69420623779297,124.61009979248047,116.22560119628906,46.74201965332031,157.95489501953125,115.38880920410156,106.48646545410156,195.03134155273438,35.07561492919922,50.87015151977539
2020-01-21,76.17447662353516,124.69365692138672,115.08189392089844,46.930824279785156,157.38775634765625,115.87894439697266,106.21688842773438,197.4990234375,35.267826080322266,50.14302062988281
2020-01-22,76.44638061523438,123.84154510498047,114.94731140136719,47.29202651977539,156.63153076171875,117.12052917480469,106.4022216796875,198.08021545410156,35.4234504699707,49.85365676879883
2020-01-23,76.81452178955078,124.07546997070312,114.82958221435547,47.47261428833008,157.59568786621094,117.3410873413086,105.91582489013672,196.76535034179688,35.334957122802734,49.54201889038086
2020-01-24,76.59315490722656,123.90003967285156,111.97857666015625,47.349483489990234,156.00765991210938,116.74478149414062,106.04293823242188,195.3172149658203,34.895599365234375,49.20812225341797
2020-01-27,74.3409194946289,124.25927734375,111.03668975830078,47.185302734375,153.39866638183594,116.10761260986328,106.5090103149414,192.1635284423828,35.3502082824707,48.03579330444336
2020-01-28,76.44397735595703,124.8857650756836,113.0550537109375,46.799476623535156,156.40464782714844,116.35273742675781,106.79712677001953,193.26873779296875,35.57598876953125,47.969024658203125
2020-01-29,78.04411315917969,125.75453186035156,112.88685607910156,46.799476623535156,158.843505859375,115.77275848388672,105.97515106201172,195.18382263183594,35.359371185302734,47.56835174560547
2020-01-30,77.9310073852539,125.60418701171875,114.28290557861328,48.31814193725586,163.3240509033203,117.4881591796875,106.72930908203125,198.37557983398438,35.56989669799805,48.072898864746094
2020-01-31,74.47564697265625,124.35948944091797,111.31420135498047,47.94053649902344,160.91357421875,116.00965881347656,105.60230255126953,189.57199096679688,34.93220520019531,46.09181594848633
2020-02-03,74.27112579345703,125.44544982910156,112.16360473632812,48.08828353881836,164.8365020751953,116.40990447998047,106.01750946044922,191.32510375976562,34.86508560180664,45.060462951660156
2020-02-04,76.72309875488281,126.64004516601562,113.77832794189453,48.301727294921875,170.26231384277344,116.98987579345703,106.48358154296875,193.9451904296875,35.170196533203125,44.49655532836914
2020-02-05,77.34872436523438,128.63650512695312,115.71258544921875,48.3099365234375,170.0543212890625,117.87206268310547,107.45807647705078,193.2306365966797,35.640071868896484,46.54442596435547
2020-02-06,78.25347137451172,128.25222778320312,115.72943115234375,48.42486572265625,173.5802764892578,117.89656829833984,107.73771667480469,193.4497528076172,35.48751449584961,45.91373825073242
2020-02-07,77.1897964477539,126.88224029541016,115.35939025878906,48.589046478271484,173.82598876953125,118.74609375,106.8394775390625,193.1639404296875,35.53022003173828,45.609519958496094
2020-02-10,77.55638122558594,126.85720825195312,115.83875274658203,49.04874801635742,178.37274169921875,118.98299407958984,106.915771484375,196.2604217529297,35.164093017578125,45.12784194946289
2020-02-11,77.08849334716797,126.9658203125,116.0573959350586,48.91740417480469,174.3459930419922,119.3260498046875,105.21247863769531,194.3072509765625,35.2098503112793,45.55683517456055
2020-02-12,78.9191665649414,126.21397399902344,116.0573959350586,48.7696418762207,174.60116577148438,119.3260498046875,104.61082458496094,197.64193725585938,35.34716033935547,46.1137809753418
2020-02-13,78.357177734375,125.37861633300781,115.95649719238281,48.93381118774414,173.6558837890625,119.64463806152344,105.89039611816406,197.8899688720703,35.8322868347168,45.857887268066406
2020-02-14,78.37648010253906,125.41201782226562,115.60328674316406,49.21293640136719,175.20614624023438,120.06941223144531,106.89032745361328,200.6474609375,35.96958923339844,45.64714813232422
2020-02-18,76.94134521484375,124.5850601196289,114.07268524169922,48.86814498901367,176.98321533203125,118.93396759033203,105.81414031982422,201.5157470703125,36.500484466552734,45.067626953125
2020-02-19,78.0556869506836,124.41793823242188,115.62852478027344,49.065162658691406,177.51402282714844,118.87677764892578,106.29714965820312,203.5290069580078,35.905513763427734,45.41384506225586
2020-02-20,77.25492858886719,123.94181823730469,115.62852478027344,49.02412414550781,174.8031768798828,118.57453918457031,107.26317596435547,201.7543182373047,35.9085693359375,45.05257797241211
2020-02-21,75.50623321533203,125.24496459960938,114.21560668945312,49.36068344116211,169.2771759033203,119.13818359375,107.3648452758789,199.23538208007812,36.180118560791016,44.503150939941406
2020-02-24,71.91966247558594,122.66410827636719,111.1460189819336,48.145755767822266,161.97874450683594,116.51606750488281,104.48372650146484,189.67478942871094,35.490570068359375,42.41836929321289
2020-02-25,69.48360443115234,121.60482788085938,106.18414306640625,47.46440887451172,159.30575561523438,115.25814056396484,102.89910125732422,179.76119995117188,34.90168762207031,40.79267501831055
2020-02-26,70.58585357666016,120.78936767578125,106.50370025634766,47.283817291259766,161.29627990722656,115.97694396972656,101.8228988647461,178.6258087158203,34.715579986572266,39.897037506103516
2020-02-27,65.9717788696289,116.95585632324219,102.07164764404297,45.09200668334961,149.93148803710938,111.39437866210938,96.17925262451172,171.7559356689453,33.684295654296875,37.49614334106445
2020-02-28,65.93318176269531,113.05506134033203,97.64804077148438,43.9099235534668,153.56175231933594,107.84925079345703,95.95046997070312,173.4257049560547,32.85440444946289,38.71540069580078
2020-03-02,72.07160949707031,117.71244812011719,102.19781494140625,45.904701232910156,163.7795867919922,112.3827896118164,101.3144760131836,183.51101684570312,35.356327056884766,40.55183792114258
2020-03-03,69.78266906738281,113.98821258544922,98.36288452148438,46.019630432128906,155.93138122558594,110.74909973144531,100.1365966796875,177.2136688232422,34.45013427734375,38.610042572021484
2020-03-04,73.01952362060547,120.6211929321289,100.79335021972656,48.367401123046875,161.65646362304688,116.3118667602539,105.50060272216797,185.3811492919922,35.62786102294922,39.4529914855957
2020-03-05,70.65098571777344,119.38542938232422,95.84829711914062,46.577842712402344,157.5996551513672,113.56925964355469,103.06859588623047,178.3872833251953,35.36852264404297,37.71440505981445
2020-03-06,69.71273040771484,119.4022216796875,90.89484405517578,45.3629035949707,153.14471435546875,112.87847900390625,103.09400177001953,175.906494140625,35.768211364746094,35.893035888671875
2020-03-09,64.19901275634766,114.70278930664062,78.58265686035156,42.57185363769531,142.76573181152344,107.0396728515625,98.34859466552734,163.2830810546875,35.74685287475586,31.505186080932617
2020-03-10,68.82272338867188,119.07435607910156,84.68827819824219,44.04947280883789,152.52859497070312,110.31266784667969,102.15338134765625,174.2272186279297,36.549293518066406,32.6717643737793
2020-03-11,66.43247985839844,110.8020248413086,80.70195770263672,42.859161376953125,145.6186981201172,106.70248413085938,94.56074523925781,165.01963806152344,34.913902282714844,31.595504760742188
2020-03-12,59.87195587158203,105.43008422851562,74.0496597290039,38.713619232177734,131.8085174560547,94.85213470458984,86.29862976074219,152.73980712890625,31.746845245361328,27.982872009277344
2020-03-13,67.04512786865234,112.89533996582031,87.38789367675781,40.13795471191406,150.547607421875,104.81102752685547,96.66227722167969,167.76760864257812,34.81322479248047,28.690338134765625
2020-03-16,58.419960021972656,106.87603759765625,74.31037139892578,37.4797477722168,128.3583526611328,93.00180053710938,91.94229888916016,145.0398406982422,32.57370376586914,25.958297729492188
2020-03-17,60.98869323730469,114.8288803100586,78.85176086425781,39.0697021484375,138.92694091796875,105.03308868408203,100.1958999633789,150.6501922607422,36.38759994506836,27.70440101623535
2020-03-18,59.49570083618164,113.45860290527344,70.55113983154297,37.140235900878906,133.0786590576172,99.44095611572266,99.52645874023438,141.67169189453125,37.40056228637695,24.927186965942383
2020-03-19,59.03983688354492,106.80879974365234,71.73693084716797,34.63937759399414,135.2682342529297,96.49684143066406,93.91670227050781,145.26878356933594,36.6068229675293,25.91313362121582
2020-03-20,55.29165267944336,100.78948211669922,70.22315979003906,31.716184616088867,130.18771362304688,85.46887969970703,86.79861450195312,140.0973358154297,34.92742156982422,24.64118766784668
2020-03-23,54.11701965332031,93.43352508544922,66.46389770507812,31.103384017944336,128.88912963867188,86.49685668945312,82.79043579101562,129.515869140625,35.02241134643555,23.6702880859375
2020-03-24,59.54633712768555,100.19258880615234,74.3692626953125,32.668514251708984,140.6046142578125,93.61859130859375,87.51042175292969,147.4442901611328,35.25226593017578,26.67329216003418
2020-03-25,59.21832275390625,100.37755584716797,77.1445541381836,34.45719528198242,139.2586212158203,92.51660919189453,85.51904296875,154.36184692382812,33.52688980102539,28.06566619873047
2020-03-26,62.334556579589844,106.40525817871094,82.51850128173828,36.67649459838867,147.96942138671875,98.89818572998047,90.99320983886719,161.13629150390625,33.655609130859375,29.217199325561523
2020-03-27,59.75376510620117,103.53852081298828,76.63994598388672,35.45090866088867,141.89370727539062,99.06265258789062,93.35742950439453,154.1519317626953,33.58204650878906,27.809764862060547
2020-03-30,61.45901870727539,111.81925201416016,78.63311004638672,37.26445388793945,151.8745880126953,103.19094848632812,97.45035552978516,157.97808837890625,35.301292419433594,28.223716735839844
2020-03-31,61.333595275878906,110.23876953125,75.71485137939453,36.643375396728516,149.4860076904297,98.76660919189453,93.21337127685547,153.73214721679688,34.82016372680664,28.57744598388672
2020-04-01,58.10639953613281,108.28838348388672,70.94641876220703,34.879520416259766,144.17799377441406,97.13832092285156,92.64563751220703,146.0894012451172,34.979515075683594,28.246292114257812
2020-04-02,59.07600021362305,111.93692779541016,73.5955581665039,36.39494705200195,147.1637420654297,101.85871887207031,96.94192504882812,150.173095703125,36.36166000366211,30.406352996826172
2020-04-03,58.22700500488281,112.79444122314453,71.42021942138672,36.29558181762695,145.80833435058594,102.45901489257812,97.51814270019531,144.88719177246094,36.616024017333984,29.51071548461914
2020-04-06,63.306575775146484,117.49388122558594,76.01727294921875,38.64736557006836,156.6518096923828,107.86201477050781,99.83154296875,161.67062377929688,38.63560104370117,30.459035873413086
2020-04-07,62.57334899902344,115.57711029052734,77.01997375488281,38.51488494873047,154.96463012695312,107.30280303955078,95.56065368652344,160.85955810546875,37.38523483276367,31.03856086730957
2020-04-08,64.17488861083984,120.43628692626953,80.13001251220703,39.59968948364258,156.5191192626953,109.05445861816406,97.53507995605469,166.91836547851562,37.33926773071289,33.0029411315918
2020-04-09,64.63799285888672,118.72966766357422,87.31875610351562,40.57684326171875,156.528564453125,109.89328002929688,97.1622543334961,165.7257843017578,37.32700729370117,32.46103286743164
2020-04-13,65.90668487548828,117.50230407714844,83.43546295166016,38.86267852783203,156.8792266845703,107.6399917602539,98.25536346435547,161.2412567138672,38.39962387084961,32.18256759643555
2020-04-14,69.23513793945312,122.76494598388672,81.14969635009766,40.51059341430664,164.64218139648438,113.81597900390625,102.50082397460938,166.61306762695312,39.533531188964844,31.934194564819336
2020-04-15,68.6032485961914,124.13524627685547,77.14743041992188,39.42578887939453,162.91708374023438,111.04458618164062,102.72114562988281,158.3501434326172,39.4599723815918,30.466554641723633
2020-04-16,69.14833068847656,125.82506561279297,74.20732879638672,39.00345230102539,167.80804443359375,111.54622650146484,102.95842742919922,154.9724884033203,40.554046630859375,29.465557098388672
2020-04-17,68.21006774902344,127.80064392089844,80.87775421142578,39.798431396484375,169.28663635253906,113.11695098876953,105.66161346435547,161.76597595214844,40.48969268798828,32.52877426147461
2020-04-20,66.79427337646484,127.50641632080078,77.9291763305664,38.531436920166016,165.93128967285156,110.64984130859375,102.19575500488281,156.68995666503906,39.79402160644531,30.9934024810791
2020-04-21,64.7296142578125,125.83342742919922,75.66889953613281,37.579124450683594,159.0688018798828,107.68110656738281,101.4161376953125,153.169189453125,39.597896575927734,30.827821731567383
2020-04-22,66.59408569335938,128.61611938476562,75.9153060913086,37.82755661010742,164.47157287597656,109.06269836425781,101.17887878417969,158.95130920410156,40.327266693115234,31.708406448364258
2020-04-23,66.33599090576172,130.73460388183594,75.95780181884766,37.32240676879883,162.4810791015625,107.12189483642578,101.8536148071289,158.75091552734375,39.389488220214844,32.70188522338867
2020-04-24,68.25109100341797,130.1881866455078,77.07946014404297,37.62053298950195,165.44786071777344,110.49359893798828,101.32477569580078,159.6478271484375,39.66838073730469,32.91261672973633
2020-04-27,68.29932403564453,129.70896911621094,80.40193939208984,38.73846435546875,164.9739227294922,110.5758285522461,100.19020080566406,163.88421630859375,39.31901168823242,33.07067108154297
2020-04-28,67.19224548339844,127.27098083496094,80.97122955322266,38.70534133911133,160.95501708984375,112.10546112060547,99.7125244140625,163.3975830078125,39.2270622253418,33.84587478637695
2020-04-29,69.399169921875,126.30421447753906,83.1550521850586,39.02000427246094,168.17767333984375,109.67125701904297,99.87458038330078,173.45433044433594,37.878639221191406,35.719932556152344
2020-04-30,70.86323547363281,126.13610076904297,81.3706283569336,38.001461029052734,169.86488342285156,108.79129028320312,100.54849243164062,170.5251007080078,37.250396728515625,34.97482681274414
2020-05-01,69.72236633300781,124.66486358642578,79.23777770996094,37.76131057739258,165.46682739257812,107.02320098876953,99.65279388427734,167.51954650878906,37.670249938964844,32.46856689453125
2020-05-04,70.7088623046875,124.64810943603516,78.29457092285156,37.3803825378418,169.51417541503906,107.66464233398438,98.75708770751953,168.07293701171875,37.90929412841797,33.77814483642578
2020-05-05,71.77013397216797,125.68211364746094,78.17561340332031,37.59568405151367,171.33407592773438,108.28143310546875,98.96182250976562,170.25791931152344,38.224945068359375,33.740509033203125
2020-05-06,72.5105972290039,124.48834991455078,76.70557403564453,37.05742645263672,173.02122497558594,107.54952239990234,96.47946166992188,170.58233642578125,37.786705017089844,33.10829544067383
2020-05-07,73.2607192993164,124.07640075683594,77.50431823730469,36.933204650878906,174.02590942382812,108.1827621459961,95.68611907958984,174.3416290283203,37.51891326904297,33.29646301269531
2020-05-08,75.00445556640625,125.00959014892578,78.77042388916016,38.18363571166992,175.0496368408203,110.3866958618164,98.91062927246094,176.60301208496094,37.84211349487305,34.756561279296875
2020-05-11,76.1846694946289,125.35425567626953,76.4506607055664,37.71162033081055,177.00222778320312,110.51004791259766,98.36468505859375,175.14317321777344,38.06680679321289,34.42539978027344
2020-05-12,75.31403350830078,123.69812774658203,73.9524154663086,37.115394592285156,172.9927215576172,109.32583618164062,97.71638488769531,171.24070739746094,38.10066604614258,33.8499870300293
2020-05-13,74.40463256835938,123.68970489501953,71.4032211303711,36.38665771484375,170.376708984375,109.34226989746094,97.178955078125,169.2527313232422,38.07912063598633,32.169761657714844
2020-05-14,74.86176300048828,124.11848449707031,74.36880493164062,36.18791580200195,171.11595153808594,109.44097900390625,97.08512115478516,172.89413452148438,37.9898681640625,32.453636169433594
2020-05-15,74.41915893554688,126.47233581542969,72.99224853515625,35.823551177978516,173.60891723632812,111.80113983154297,97.76756286621094,175.3695068359375,38.765533447265625,32.22346878051758
2020-05-18,76.17255401611328,126.53961944580078,76.8585205078125,37.23960494995117,175.2676239013672,111.44755554199219,99.1324462890625,182.91030883789062,39.29497528076172,34.78600311279297
2020-05-19,75.7323989868164,125.27861022949219,75.34600830078125,36.88351821899414,174.05438232421875,108.33077239990234,95.91646575927734,180.979736328125,38.46079635620117,33.71188735961914
2020-05-20,77.20527648925781,124.15206909179688,77.6063003540039,38.001461029052734,176.46864318847656,107.9442367553711,96.63301086425781,185.2805938720703,38.61471176147461,34.80902099609375
2020-05-21,76.629638671875,123.33661651611328,76.62059783935547,37.40522384643555,174.3489990234375,107.08076477050781,95.21695709228516,182.18397521972656,38.473121643066406,34.18756866455078
2020-05-22,77.12303924560547,122.21074676513672,76.02579498291016,37.289276123046875,174.42507934570312,107.30280303955078,96.05292510986328,182.41336059570312,38.26996612548828,34.21825408935547
2020-05-26,76.60065460205078,122.3715591430664,81.42159271240234,38.16707992553711,172.58111572265625,106.70248413085938,95.56670379638672,184.66893005371094,38.12529754638672,35.22331237792969
2020-05-27,76.93438720703125,122.65093231201172,86.13764190673828,38.69706726074219,172.8092041015625,107.57418823242188,97.15335845947266,184.28665161132812,37.70051956176758,35.47651672363281
2020-05-28,76.96824645996094,124.41168975830078,84.85453033447266,38.995174407958984,172.41954040527344,108.79129028320312,99.00447082519531,185.6629180908203,38.072967529296875,34.55583953857422
2020-05-29,76.89328002929688,125.91845703125,82.68769836425781,38.65565490722656,174.1779022216797,108.1827621459961,98.88505554199219,186.59947204589844,38.186851501464844,34.8857536315918
2020-06-01,77.83890533447266,124.59793090820312,83.78385925292969,38.9123649597168,173.7787628173828,109.36695098876953,100.01960754394531,185.7489013671875,38.15607833862305,35.5071907043457
2020-06-02,78.19927215576172,125.4952392578125,84.06428527832031,38.837833404541016,175.75575256347656,109.07089233398438,100.7105712890625,187.66993713378906,38.14992141723633,36.29743576049805
2020-06-03,78.6297378540039,125.83382415771484,88.60186767578125,39.66593551635742,176.1834716796875,109.22714233398438,101.11149597167969,188.15737915039062,38.005245208740234,37.7781867980957
2020-06-04,77.95258331298828,124.2085189819336,90.44579315185547,39.6824951171875,173.8642578125,108.21029663085938,98.9959487915039,185.0703582763672,37.586631774902344,37.67076873779297
2020-06-05,80.17276000976562,124.69103240966797,94.5160140991211,40.651371002197266,177.93238830566406,109.7600326538086,100.9408950805664,190.77609252929688,37.41734313964844,40.724327087402344
2020-06-08,80.64675903320312,124.24239349365234,96.40240478515625,41.280723571777344,179.0349884033203,109.5694351196289,101.55508422851562,190.76654052734375,37.31882858276367,41.9979248046875
2020-06-09,83.19342041015625,123.55667877197266,93.9296875,40.57684326171875,180.40365600585938,110.19927215576172,100.94941711425781,190.2696075439453,37.35269546508789,41.061912536621094
2020-06-10,85.33378601074219,125.11432647705078,90.12288665771484,40.26216506958008,187.0951385498047,111.16063690185547,101.70864868164062,191.6076202392578,37.29420471191406,38.8599739074707
2020-06-11,81.23686218261719,119.2479476928711,82.60273742675781,37.71162033081055,177.0484161376953,105.94778442382812,99.17508697509766,180.52098083496094,36.96485137939453,35.43047332763672
2020-06-12,81.938232421875,120.33148193359375,84.86302947998047,38.1043701171875,178.44566345214844,106.90911102294922,98.62914276123047,183.75137329101562,36.24149703979492,36.190025329589844
2020-06-15,82.95161437988281,119.56967163085938,86.03565216064453,38.689300537109375,179.58624267578125,108.13569641113281,99.5418930053711,183.2734832763672,36.346153259277344,36.16699981689453
2020-06-16,85.14995574951172,122.28695678710938,86.72394561767578,39.08203887939453,183.9870147705078,109.12189483642578,100.770263671875,184.34397888183594,36.829402923583984,36.98027420043945
2020-06-17,85.03148651123047,121.91448211669922,84.53165435791016,38.92327880859375,184.6238555908203,109.19648742675781,100.59967803955078,184.99386596679688,36.638580322265625,35.77572250366211
2020-06-18,85.06536102294922,121.3980941772461,84.07278442382812,39.2658805847168,186.60093688964844,110.04181671142578,101.75127410888672,185.328369140625,36.31845474243164,35.99821090698242
2020-06-19,84.5792236328125,121.75363159179688,83.11257934570312,38.45533752441406,185.48878479003906,108.79869842529297,101.44419860839844,183.69403076171875,36.890987396240234,35.27703094482422
2020-06-22,86.7921371459961,121.38117980957031,82.21185302734375,38.22135925292969,190.64047241210938,108.60808563232422,100.4461441040039,186.33193969726562,37.45426940917969,35.61459732055664
2020-06-23,88.64470672607422,120.93253326416016,83.21453094482422,38.13780212402344,191.9141845703125,108.864990234375,100.4290771484375,189.2086639404297,37.26650619506836,35.82942581176758
2020-06-24,87.07991027832031,118.35913848876953,80.43592071533203,37.31052017211914,188.04563903808594,107.37320709228516,99.31156921386719,182.93899536132812,37.02949523925781,34.141536712646484
2020-06-25,88.23594665527344,118.2321548461914,83.2400131225586,37.544498443603516,190.42184448242188,108.90642547607422,100.56554412841797,185.395263671875,36.84787368774414,34.65557098388672
2020-06-26,85.52484893798828,116.65766906738281,78.67694854736328,36.40804672241211,186.61036682128906,106.85111236572266,98.29644775390625,180.89373779296875,36.42002868652344,33.466373443603516
2020-06-29,87.49590301513672,117.69884490966797,79.02535247802734,37.06818771362305,188.6159210205078,108.63294219970703,100.36934661865234,182.91030883789062,36.64781188964844,34.0034294128418
2020-06-30,88.22628784179688,119.04483795166016,79.92607116699219,37.33559799194336,193.43490600585938,109.61087036132812,101.99867248535156,184.62110900878906,36.86943435668945,34.31032180786133
2020-07-01,88.05944061279297,118.83319854736328,79.24628448486328,37.452579498291016,194.5659637451172,109.69374084472656,102.3484115600586,185.20411682128906,36.841732025146484,33.53542709350586
2020-07-02,88.05944061279297,119.33260345458984,79.50369262695312,37.502716064453125,196.0487823486328,110.0998306274414,103.11615753173828,187.010498046875,36.6939811706543,33.819297790527344
2020-07-06,90.41504669189453,121.03411102294922,81.51144409179688,37.795188903808594,200.26895141601562,110.4727783203125,103.75594329833984,189.00796508789062,36.59547805786133,34.05713653564453
2020-07-07,90.13448333740234,120.92403411865234,79.21195983886719,37.77847671508789,197.9403076171875,110.696533203125,104.25923919677734,185.60549926757812,39.0764274597168,33.17483139038086
2020-07-08,92.23372650146484,121.27957153320312,80.05282592773438,37.66147994995117,202.29354858398438,111.2352294921875,104.83078002929688,186.43702697753906,38.303829193115234,33.09811019897461
2020-07-09,92.63035583496094,120.61933898925781,78.31961822509766,36.69215393066406,203.70974731445312,109.98381805419922,104.48103332519531,183.70359802246094,39.32267379760742,31.73244857788086
2020-07-10,92.79238891601562,120.51775360107422,82.60113525390625,37.72834014892578,203.09194946289062,111.43412017822266,105.68383026123047,184.02857971191406,40.224552154541016,32.722164154052734
2020-07-13,92.36433410644531,122.92182159423828,83.78519439697266,37.811893463134766,196.8186798095703,111.80706787109375,105.82032012939453,180.6547393798828,39.86749267578125,32.72983932495117
2020-07-14,93.89280700683594,125.21587371826172,84.26566314697266,38.32998275756836,198.0353546142578,112.31261444091797,106.70746612548828,184.77401733398438,40.633934020996094,33.81162643432617
2020-07-15,94.53855895996094,125.50370788574219,85.56987762451172,38.772865295410156,197.74066162109375,110.79598236083984,106.20417785644531,187.8515167236328,40.630855560302734,34.241275787353516
2020-07-16,93.375244140625,126.3417739868164,85.8100814819336,38.56396484375,193.82464599609375,110.95345306396484,106.42597961425781,184.9365234375,40.69242477416992,33.972740173339844
2020-07-17,93.18661499023438,126.4263687133789,84.22277069091797,39.12382507324219,192.836181640625,111.59988403320312,107.1681137084961,186.4561309814453,40.55083465576172,33.38965606689453
2020-07-20,95.1504135131836,126.6380386352539,83.48489379882812,38.53888702392578,201.12448120117188,110.31531524658203,106.83543395996094,189.6865234375,40.46772003173828,32.607086181640625
2020-07-21,93.83716583251953,126.75653076171875,85.29532623291016,39.44135284423828,198.41549682617188,111.40927124023438,106.6904067993164,187.78465270996094,40.73243713378906,34.25662612915039
2020-07-22,94.10077667236328,126.98509216308594,84.6775131225586,40.510955810546875,201.2669677734375,112.71869659423828,107.60319519042969,190.05931091308594,40.83401870727539,33.45871353149414
2020-07-23,89.81766510009766,126.64647674560547,84.92635345458984,40.34383010864258,192.512939453125,113.6054458618164,108.29939270019531,188.6925811767578,40.52006149291992,33.52775955200195
2020-07-24,89.59515380859375,125.38516235351562,84.3257064819336,40.51931381225586,191.3343505859375,112.76012420654297,108.12767028808594,186.51345825195312,40.396934509277344,33.32060241699219
2020-07-27,91.71859741210938,124.58944702148438,83.14167022705078,40.510955810546875,193.7581024169922,114.09442901611328,108.43671417236328,188.19564819335938,40.387699127197266,33.81162643432617
2020-07-28,90.21188354492188,124.29315948486328,83.5020523071289,40.26026916503906,192.0187225341797,113.85409545898438,109.77584838867188,188.03309631347656,40.55698013305664,33.41267013549805
2020-07-29,91.94108581542969,124.04768371582031,85.52694702148438,40.12657165527344,193.95770263671875,114.30989837646484,110.1449966430664,189.79168701171875,40.22763442993164,33.780941009521484
2020-07-30,93.05359649658203,124.3016128540039,83.24462127685547,39.85082244873047,193.8056182861328,114.11099243164062,112.81468200683594,185.47169494628906,40.05216979980469,32.12372970581055
2020-07-31,102.79524230957031,123.38743591308594,82.91858673095703,39.47479248046875,194.86068725585938,114.08614349365234,112.55716705322266,181.9737091064453,39.83055114746094,32.284847259521484
2020-08-03,105.38543701171875,124.73339080810547,82.45524597167969,38.689300537109375,205.81983947753906,113.29052734375,112.70309448242188,182.2509002685547,39.799781799316406,32.41527557373047
2020-08-04,106.08921813964844,124.62329864501953,81.98334503173828,39.015193939208984,202.73072814941406,113.92866516113281,114.84917449951172,183.78001403808594,40.52006149291992,33.35128402709961
2020-08-05,106.47376251220703,125.62220764160156,83.40766143798828,39.458072662353516,202.39808654785156,112.91761016845703,114.54871368408203,187.42144775390625,39.95676040649414,33.64284133911133
2020-08-06,110.18854522705078,124.90264129638672,83.43339538574219,39.67533493041992,205.6392364501953,112.5943603515625,113.9220962524414,189.97332763671875,39.81517028808594,33.481712341308594
2020-08-07,107.68333435058594,125.79148864746094,85.2695541381836,39.94272994995117,201.96083068847656,113.32369995117188,114.64312744140625,187.66993713378906,40.00600814819336,33.32828903198242
2020-08-10,109.24848937988281,125.30895233154297,86.35067749023438,39.87588882446289,197.9403076171875,112.69381713867188,115.11529541015625,188.0808868408203,40.59392547607422,34.14920425415039
2020-08-11,105.99943542480469,124.41168975830078,89.07914733886719,40.051361083984375,193.3113555908203,111.98109436035156,114.36846160888672,189.0175323486328,40.076805114746094,34.50213623046875
2020-08-12,109.52226257324219,126.68881225585938,88.32408142089844,40.469181060791016,198.83375549316406,114.20213317871094,116.28274536132812,189.94464111328125,40.59700393676758,34.49430465698242
2020-08-13,111.46054077148438,125.28358459472656,87.83501434326172,40.427391052246094,198.3679656982422,114.45076751708984,116.55745697021484,189.1214599609375,40.75153732299805,33.649349212646484
2020-08-14,111.36119079589844,125.48678588867188,87.86932373046875,40.48588562011719,198.55809020996094,114.0032730102539,115.97370910644531,188.2216339111328,40.98335266113281,33.79800033569336
2020-08-17,111.07044982910156,126.12162780761719,85.55268096923828,40.285335540771484,199.86978149414062,114.30160522460938,116.31707000732422,190.8922119140625,41.91056823730469,33.35987854003906
2020-08-18,111.9959716796875,127.05281829833984,84.36005401611328,40.460811614990234,201.0198516845703,114.45906066894531,117.18409729003906,190.49020385742188,41.635494232177734,33.195587158203125
2020-08-19,112.13651275634766,127.30674743652344,84.55740356445312,39.583412170410156,199.80030822753906,113.08334350585938,116.54888153076172,192.38543701171875,40.924617767333984,32.8278694152832
2020-08-20,114.6247787475586,128.17868041992188,83.54495239257812,39.56670379638672,204.4499053955078,113.30709075927734,117.4759750366211,195.41015625,40.355934143066406,32.32716751098633
2020-08-21,120.53166961669922,129.3129425048828,83.5020523071289,39.50821304321289,202.9635467529297,113.09161376953125,117.98246765136719,195.39097595214844,40.68355178833008,32.08464050292969
2020-08-24,121.97327423095703,129.65383911132812,85.85299682617188,40.08478546142578,203.60194396972656,114.06956481933594,118.9009780883789,197.57339477539062,40.590816497802734,33.03129196166992
2020-08-25,120.97261810302734,129.57713317871094,86.23052978515625,40.03464889526367,206.2506866455078,113.78778076171875,119.37312316894531,199.19107055664062,40.37446594238281,31.98292350769043
2020-08-26,122.61774444580078,129.7816619873047,85.0207290649414,40.243560791015625,210.70974731445312,114.75745391845703,118.7979507446289,201.25857543945312,40.39609146118164,31.30227279663086
2020-08-27,121.15192413330078,130.36111450195312,87.81786346435547,40.30204391479492,215.8834228515625,114.69941711425781,118.6434326171875,201.9956512451172,42.22893142700195,31.09103775024414
2020-08-28,120.95568084716797,130.9235382080078,88.17821502685547,41.63905334472656,218.1034393310547,115.9756851196289,119.12416076660156,206.47531127929688,43.36322784423828,31.83428192138672
2020-08-31,125.05754852294922,130.72755432128906,85.96455383300781,41.38835525512695,214.8830108642578,116.07514953613281,118.74644470214844,202.91453552246094,42.915069580078125,31.247512817382812
2020-09-01,130.03887939453125,129.1169891357422,85.9216537475586,41.045753479003906,216.54083251953125,115.35411071777344,118.61768341064453,204.21633911132812,45.61638259887695,30.848506927490234
2020-09-02,127.34466552734375,131.08544921875,87.21725463867188,42.7755012512207,220.71408081054688,118.75200653076172,120.61783599853516,207.21231079101562,45.644195556640625,30.66073226928711
2020-09-03,117.1493911743164,127.43830871582031,86.94268035888672,42.18219757080078,207.0415496826172,116.33384704589844,118.68634033203125,200.01422119140625,44.673702239990234,30.598140716552734
2020-09-04,117.2269058227539,126.62017059326172,88.82170867919922,42.650146484375,204.13551330566406,115.8246841430664,118.42881774902344,195.8983612060547,44.145179748535156,30.57468032836914
2020-09-08,109.33812713623047,125.48686218261719,85.73287963867188,41.62232971191406,193.09262084960938,113.14522552490234,116.69478607177734,191.55267333984375,42.791446685791016,29.87055206298828
2020-09-09,113.6992416381836,127.56608581542969,86.54798889160156,41.93986892700195,201.3152313232422,114.44741821289062,118.59192657470703,195.32400512695312,43.236507415771484,29.690603256225586
2020-09-10,109.98747253417969,125.18861389160156,85.65565490722656,41.78110122680664,195.67471313476562,112.48582458496094,117.34722137451172,192.91189575195312,42.2845573425293,28.947362899780273
2020-09-11,108.54342651367188,125.92997741699219,86.7196044921875,42.6668586730957,194.39796447753906,113.36229705810547,118.58334350585938,192.08872985839844,42.25055694580078,28.869129180908203
2020-09-14,111.79975128173828,126.41569519042969,87.92082214355469,42.7174072265625,195.7128448486328,114.08013916015625,119.00397491455078,196.20465087890625,42.44218444824219,28.681364059448242
2020-09-15,111.97417449951172,126.8758773803711,85.18375396728516,43.00381851196289,198.9237060546875,113.20367431640625,119.00397491455078,196.5970916748047,42.45454025268555,28.37624168395996
2020-09-16,108.66942596435547,126.45825958251953,85.54411315917969,42.78479766845703,195.3698272705078,112.66946411132812,118.20562744140625,196.3482208251953,42.114559173583984,29.581083297729492
2020-09-17,106.93463897705078,125.41014862060547,84.56598663330078,42.58262634277344,193.3308563232422,111.18367767333984,118.05110168457031,196.48219299316406,42.247459411621094,29.573253631591797
2020-09-18,103.54267883300781,127.1229476928711,84.38580322265625,42.498382568359375,190.92982482910156,109.7396240234375,117.92233276367188,193.93606567382812,41.81475830078125,29.09600830078125
2020-09-21,106.68268585205078,123.64623260498047,81.77740478515625,41.35274124145508,192.9783172607422,109.54764556884766,117.35578155517578,188.99697875976562,42.36491394042969,28.501419067382812
2020-09-22,108.35929870605469,122.88780975341797,80.88509368896484,41.83290481567383,197.62796020507812,110.30722045898438,118.42881774902344,191.97384643554688,42.7481689453125,27.797292709350586
2020-09-23,103.81404876708984,123.08380889892578,79.57233428955078,40.6114387512207,191.12037658691406,109.3473129272461,117.01239013671875,187.0060577392578,42.03112030029297,26.905405044555664
2020-09-24,104.88009643554688,123.2798080444336,79.50369262695312,41.02421569824219,193.59764099121094,109.8314437866211,117.53607177734375,187.14962768554688,42.25055694580078,26.85064125061035
2020-09-25,108.81480407714844,124.12344360351562,80.19866943359375,41.04106140136719,198.00906372070312,111.475830078125,118.13694763183594,188.80557250976562,42.42673110961914,27.10099983215332
2020-09-28,111.4120864868164,125.35905456542969,82.50675201416016,41.51280212402344,199.55258178710938,115.16522979736328,118.47177124023438,191.74412536621094,42.4205436706543,27.62517738342285
2020-09-29,110.56893157958984,125.31636810302734,81.8117446899414,41.20952606201172,197.47547912597656,114.48912811279297,117.8279037475586,190.9017791748047,42.38654327392578,26.8193359375
2020-09-30,112.23583984375,126.8673324584961,82.60113525390625,41.58860778808594,200.40057373046875,115.69111633300781,119.31299591064453,191.40907287597656,43.24269104003906,26.858463287353516
2020-10-01,113.18560791015625,125.53800201416016,83.20174407958984,41.42855453491211,202.4299774169922,117.52751159667969,119.52760314941406,194.6444091796875,44.22245407104492,25.91963005065918
2020-10-02,109.5319595336914,124.61768341064453,83.9911117553711,41.58018493652344,196.45602416992188,115.24043273925781,118.56617736816406,192.83531188964844,43.4250373840332,25.802270889282227
2020-10-05,112.9045639038086,126.3134536743164,85.76634216308594,41.59702682495117,200.4481964111328,115.13185119628906,119.6563720703125,194.82626342773438,43.82683181762695,26.396869659423828
2020-10-06,109.66763305664062,124.63468933105469,84.88304901123047,41.22637939453125,196.18923950195312,113.27047729492188,119.84523010253906,191.86856079101562,43.4652214050293,26.123043060302734
2020-10-07,111.52838897705078,126.01521301269531,86.36389923095703,41.74866485595703,199.9241485595703,114.36390686035156,120.7808837890625,193.8020477294922,43.54558181762695,26.209096908569336
2020-10-08,111.42176818847656,126.8758773803711,88.13912963867188,42.50681686401367,200.63882446289062,115.06510162353516,121.59642791748047,194.29022216796875,43.69084167480469,27.5860538482666
2020-10-09,113.36004638671875,128.64830017089844,87.6368637084961,42.8016471862793,205.62184143066406,115.55756378173828,122.68667602539062,197.7935791015625,44.129730224609375,27.179235458374023
2020-10-12,120.56072998046875,129.38967895507812,88.710693359375,43.03750991821289,210.94796752929688,118.63766479492188,124.03433227539062,197.56385803222656,44.58407211303711,27.093170166015625
2020-10-13,117.3625717163086,126.42422485351562,87.27315521240234,42.30464172363281,212.3390350341797,119.81460571289062,123.79401397705078,195.5728759765625,45.196041107177734,26.772396087646484
2020-10-14,117.4498291015625,126.20263671875,86.78821563720703,42.220394134521484,210.4334259033203,118.9632339477539,123.64806365966797,193.54360961914062,44.488258361816406,26.717641830444336
2020-10-15,116.98462677001953,125.42723083496094,88.0871810913086,42.11089324951172,209.2900848388672,118.05335998535156,123.4677963256836,191.00711059570312,44.67061996459961,26.95234489440918
2020-10-16,115.3467788696289,126.20263671875,87.90532684326172,42.14458465576172,209.2900848388672,118.30377960205078,123.94853210449219,191.6866912841797,44.72624969482422,26.67852020263672
2020-10-19,112.40062713623047,122.98153686523438,86.42449188232422,41.79920196533203,204.10696411132812,116.59261322021484,121.81962585449219,188.53753662109375,44.18227005004883,26.146509170532227
2020-10-20,113.88339233398438,123.17752838134766,86.9181137084961,42.32990646362305,204.5166015625,116.61766052246094,122.30890655517578,189.23626708984375,44.47589874267578,26.365577697753906
2020-10-21,113.26313781738281,122.64918518066406,86.0521469116211,42.11089324951172,204.6594696044922,116.52584075927734,122.96991729736328,189.93505859375,44.630428314208984,25.943103790283203
2020-10-22,112.1777114868164,123.62914276123047,89.09170532226562,42.6921272277832,204.7452850341797,116.53418731689453,122.09895324707031,189.51385498046875,44.36771774291992,27.273113250732422
2020-10-23,111.4896240234375,123.7655258178711,89.89708709716797,42.557350158691406,206.0220184326172,116.49242401123047,122.9017333984375,189.5330047607422,44.460445404052734,26.72545623779297
2020-10-26,111.49932098388672,122.68328094482422,87.67150115966797,41.950828552246094,200.16238403320312,115.24043273925781,121.96945190429688,184.8044891357422,43.938106536865234,26.091745376586914
2020-10-27,113.00146484375,121.98452758789062,86.01750183105469,42.035072326660156,203.18272399902344,116.12518310546875,122.88442993164062,181.92333984375,44.15753936767578,25.677095413208008
2020-10-28,107.76811218261719,117.90278625488281,83.60142517089844,40.40083694458008,193.11166381835938,111.99333953857422,118.82743835449219,173.12680053710938,43.28286361694336,24.699142456054688
2020-10-29,111.76097106933594,116.90575408935547,84.14698028564453,40.451385498046875,195.05540466308594,111.84309387207031,118.7497329711914,176.95556640625,43.24578094482422,25.794445037841797
2020-10-30,105.50033569335938,116.83757781982422,84.90037536621094,40.485084533691406,192.91163635253906,111.25878143310547,118.34407043457031,173.93087768554688,42.88414764404297,25.520620346069336
2020-11-02,105.41312408447266,118.18395233154297,86.81419372558594,40.95680618286133,192.77822875976562,112.81134796142578,119.55252075195312,176.83111572265625,43.39413070678711,26.592458724975586
2020-11-03,107.03158569335938,118.02207946777344,89.55068969726562,41.57175827026367,196.68466186523438,114.38895416259766,121.90042114257812,180.2769775390625,44.129730224609375,26.13868522644043
2020-11-04,111.40239715576172,118.78900909423828,86.81419372558594,41.42013168334961,206.17449951171875,115.07344055175781,121.3997573852539,185.6659698486328,43.87628936767578,25.99786376953125
2020-11-05,115.35647583007812,119.09578704833984,90.36470794677734,41.647579193115234,212.74871826171875,115.2320556640625,122.9017333984375,189.17884826660156,44.34299087524414,25.95092010498047
2020-11-06,115.22541046142578,121.21760559082031,89.16098022460938,41.656009674072266,213.15846252441406,115.50750732421875,123.63542938232422,189.97328186035156,45.05385971069336,25.645797729492188
2020-11-09,112.92459869384766,124.4813232421875,101.23271179199219,44.284244537353516,208.0800323486328,115.56591796875,119.11233520507812,203.57496643066406,44.364627838134766,28.892593383789062
2020-11-10,112.58482360839844,126.35606384277344,100.90364074707031,45.472007751464844,201.0484619140625,118.29540252685547,121.07174682617188,204.1780242919922,44.98896026611328,29.533592224121094
2020-11-11,116.00206756591797,125.94700622558594,99.39684295654297,45.13505554199219,206.32693481445312,120.1151123046875,122.63414001464844,203.5941162109375,45.7369270324707,29.229122161865234
2020-11-12,115.73023986816406,126.37307739257812,98.17584228515625,44.65488815307617,205.2693634033203,120.06501007080078,122.70320892333984,199.64459228515625,45.81418228149414,28.227571487426758
2020-11-13,115.77877807617188,127.73650360107422,98.7906494140625,45.02555465698242,206.288818359375,120.79122161865234,124.54180145263672,201.77272033691406,46.52813720703125,28.90862464904785
2020-11-16,116.78841400146484,128.5460662841797,101.57910919189453,45.36249923706055,206.97483825683594,121.66768646240234,122.94486236572266,203.90089416503906,47.115386962890625,30.5752010345459
2020-11-17,115.90498352050781,127.26786041259766,100.54859924316406,45.21928787231445,204.33558654785156,121.23363494873047,122.47010803222656,201.99317932128906,46.16653060913086,30.983829498291016
2020-11-18,114.58467864990234,125.58057403564453,99.80384826660156,44.31794357299805,201.64166259765625,119.6810531616211,120.58834838867188,199.23236083984375,46.07999038696289,29.81401252746582
2020-11-19,115.17688751220703,125.38460540771484,100.07229614257812,44.7559814453125,202.92172241210938,119.63098907470703,120.44161224365234,198.98313903808594,47.01648712158203,29.96626091003418
2020-11-20,113.91480255126953,124.71990203857422,99.21499633789062,44.36848449707031,200.9825439453125,119.71441650390625,120.24308776855469,195.44578552246094,46.4354248046875,29.597681045532227
2020-11-23,110.5267105102539,123.44999694824219,102.07270812988281,44.37690734863281,200.715087890625,119.38055419921875,119.7769546508789,199.54867553710938,46.64869689941406,31.536680221557617
2020-11-24,111.80816650390625,123.44999694824219,106.79228973388672,44.831790924072266,204.29739379882812,120.22357940673828,119.38851165771484,201.00582885742188,46.78159713745117,33.63591766357422
2020-11-25,112.64306640625,123.28693389892578,105.67517852783203,44.587501525878906,204.30690002441406,120.33213806152344,119.70787811279297,202.165771484375,46.92686080932617,32.69847869873047
2020-11-27,113.18670654296875,123.56151580810547,104.97374725341797,44.39374923706055,205.60614013671875,120.69939422607422,119.6474609375,202.27120971679688,46.85577392578125,32.20171356201172
2020-11-30,115.57491302490234,124.14500427246094,102.08136749267578,43.80794906616211,204.49801635742188,120.39054107666016,119.87191009521484,201.64810180664062,47.22356414794922,30.551158905029297
2020-12-01,119.13776397705078,126.52188873291016,103.69207763671875,44.18150329589844,206.5422821044922,121.92642974853516,120.30349731445312,202.4629669189453,47.177215576171875,30.847618103027344
2020-12-02,119.4872817993164,127.1139144897461,105.68382263183594,44.240943908691406,205.73983764648438,120.71611022949219,119.43168640136719,201.48513793945312,46.52198028564453,32.00140380859375
2020-12-03,119.35134887695312,127.85188293457031,104.99104309082031,44.809757232666016,204.660400390625,121.43315124511719,118.55121612548828,199.4432373046875,46.1448974609375,32.21773147583008
2020-12-04,118.6814956665039,128.9416046142578,105.94361114501953,45.71818161010742,204.77503967285156,122.61011505126953,118.66339874267578,203.88172912597656,46.02436065673828,33.395545959472656
2020-12-07,120.13772583007812,127.82611846923828,105.54527282714844,44.98805236816406,204.70811462402344,122.2065658569336,118.8447265625,203.8529510498047,45.777095794677734,32.77058792114258
2020-12-08,120.74930572509766,130.03993225097656,105.64920806884766,45.14934539794922,206.3512420654297,122.33269500732422,119.16407012939453,203.968017578125,46.19126510620117,33.8442497253418
2020-12-09,118.2252197265625,131.36993408203125,104.8265151977539,45.276710510253906,202.32949829101562,122.47559356689453,117.74845886230469,200.90992736816406,45.82655715942383,34.292938232421875
2020-12-10,119.6426010131836,130.6405792236328,104.15103149414062,45.03899002075195,201.1067352294922,121.61809539794922,116.97152709960938,199.02145385742188,45.61251449584961,35.26242446899414
2020-12-11,118.83683013916016,131.24124145507812,103.53621673583984,45.293678283691406,203.7241668701172,121.87031555175781,117.83476257324219,197.7081298828125,45.600101470947266,35.094173431396484
2020-12-14,118.2252197265625,127.91193389892578,102.44508361816406,45.225765228271484,204.62217712402344,121.2481918334961,117.26502990722656,198.67637634277344,45.18133544921875,33.828216552734375
2020-12-15,124.14715576171875,129.1990509033203,104.19435119628906,45.709686279296875,204.5552978515625,121.70219421386719,117.95561218261719,199.74044799804688,45.15961837768555,34.48523712158203
2020-12-16,124.07919311523438,128.4267578125,104.4974365234375,45.0474739074707,209.4750213623047,121.80306243896484,118.49076843261719,199.6541748046875,45.11308288574219,35.0140495300293
2020-12-17,124.9432144165039,131.8161163330078,103.63145446777344,45.225765228271484,209.60877990722656,122.4924087524414,119.33670806884766,202.44378662109375,45.3209228515625,34.837772369384766
2020-12-18,122.96278381347656,132.57980346679688,103.12052917480469,45.624778747558594,208.81588745117188,123.51802062988281,120.0186767578125,202.5684356689453,45.274391174316406,34.236854553222656
2020-12-21,124.4869613647461,131.3013458251953,106.99147033691406,44.835227966308594,212.63702392578125,122.23178100585938,118.70658874511719,200.36355590820312,45.28059005737305,33.61188507080078
2020-12-22,128.03038024902344,131.04385375976562,105.36341094970703,44.79277801513672,213.9266357421875,121.07172393798828,117.8692855834961,197.32467651367188,44.73152542114258,33.04300308227539
2020-12-23,127.13727569580078,130.37460327148438,108.30773162841797,45.06446075439453,211.13723754882812,121.3995361328125,117.68801879882812,196.8070526123047,44.42752456665039,33.46765899658203
2020-12-24,128.11781311035156,130.82933044433594,107.83145141601562,45.370086669921875,212.7898406982422,121.94596862792969,118.87923431396484,200.06637573242188,44.51438903808594,33.331451416015625
2020-12-28,132.6999969482422,131.4471893310547,108.54155731201172,45.98136901855469,214.9010467529297,123.50119018554688,119.70787811279297,203.8338165283203,45.04793930053711,33.443634033203125
2020-12-29,130.93312072753906,132.26234436035156,108.25576782226562,45.95589828491211,214.12722778320312,123.92994689941406,119.48347473144531,205.5017852783203,44.762542724609375,33.06705093383789
2020-12-30,129.8166961669922,133.90121459960938,108.55889129638672,46.21908187866211,211.7677001953125,123.83745574951172,118.92235565185547,209.3267822265625,44.72532653808594,33.331451416015625
2020-12-31,128.8167724609375,135.04246520996094,110.0396957397461,46.55868911743164,212.47457885742188,124.66971588134766,120.10498046875,209.6814422607422,44.71601867675781,33.0269889831543
2021-01-04,125.63245391845703,134.287353515625,109.00052642822266,44.79277801513672,207.95611572265625,121.2818603515625,118.96554565429688,208.7515411376953,45.45431137084961,33.25132751464844
2021-01-05,127.18580627441406,135.86619567871094,109.5936050415039,44.30036544799805,208.15673828125,121.64334869384766,119.72515869140625,205.63601684570312,45.21234893798828,34.85380935668945
2021-01-06,122.904541015625,137.1447296142578,114.73970794677734,42.89103698730469,202.75938415527344,120.15538787841797,120.98542785644531,203.82420349121094,45.494632720947266,35.74317169189453
2021-01-07,127.09842681884766,137.6080780029297,118.50764465332031,42.41559982299805,208.52928161621094,119.7686538696289,119.85464477539062,204.9649200439453,45.49152755737305,36.02361297607422
2021-01-08,128.1954803466797,137.3249053955078,118.63848114013672,43.36648178100586,209.7998046875,121.2061996459961,119.80284881591797,206.537109375,45.485321044921875,36.424224853515625
2021-01-11,125.21504211425781,136.75001525878906,120.40907287597656,42.619361877441406,207.7650604248047,119.44922637939453,118.991455078125,204.0830535888672,45.69005584716797,37.529930114746094
2021-01-12,125.0403060913086,135.6859893798828,122.3017807006836,42.54295349121094,205.3195343017578,118.8943862915039,118.3008804321289,200.2197265625,46.21120071411133,38.363216400146484
2021-01-13,127.06928253173828,135.4801025390625,122.41517639160156,42.585391998291016,206.6664581298828,119.86955261230469,118.48213958740234,200.6894989013672,45.73970413208008,38.79589080810547
2021-01-14,125.14710235595703,137.8483428955078,123.1303939819336,41.795833587646484,203.4949188232422,119.17179870605469,117.22188568115234,193.5093231201172,45.590797424316406,40.31022644042969
2021-01-15,123.42874908447266,137.5480194091797,120.92366790771484,41.34588623046875,203.14146423339844,118.86076354980469,116.34144592285156,193.25047302246094,44.86802673339844,38.37123107910156
2021-01-19,124.09862518310547,139.676025390625,120.4003677368164,41.184566497802734,206.76205444335938,119.42398071289062,115.32286071777344,193.31761169433594,44.48027038574219,39.13240432739258
2021-01-20,128.17599487304688,139.33277893066406,118.59488677978516,41.32889175415039,214.3087615966797,118.81029510498047,113.8813247680664,197.4876251220703,45.13789367675781,39.68525695800781
2021-01-21,132.87472534179688,138.77500915527344,117.60055541992188,41.5581169128418,214.91061401367188,117.3643798828125,113.76930236816406,196.6536407470703,44.93315887451172,38.54750061035156
2021-01-22,135.01052856445312,140.33673095703125,116.69340515136719,41.16758346557617,215.84678649902344,116.50690460205078,112.8922119140625,193.66270446777344,45.39227294921875,38.00266647338867
2021-01-25,138.7481231689453,142.42181396484375,115.23683166503906,41.41379165649414,219.26670837402344,117.84355163574219,114.83744049072266,192.66571044921875,45.35194778442383,37.57801055908203
2021-01-26,138.9811553955078,146.2831268310547,114.76583862304688,41.84677505493164,221.9415283203125,119.20545196533203,115.57555389404297,193.65310668945312,45.758304595947266,36.75273132324219
2021-01-27,137.91322326660156,144.0521697998047,111.521240234375,41.20154571533203,222.4860382080078,116.0445327758789,111.48542022705078,186.9043731689453,44.61985778808594,36.33608627319336
2021-01-28,133.08828735351562,145.1504669189453,113.48369598388672,41.72792053222656,228.2464141845703,117.01130676269531,113.20484924316406,190.01988220214844,44.591949462890625,36.90496826171875
2021-01-29,128.10806274414062,139.9763641357422,112.22772979736328,40.87893295288086,221.5880584716797,114.80879974365234,111.33779907226562,185.2555389404297,43.58067321777344,35.927459716796875
2021-02-01,130.22445678710938,139.61598205566406,113.05632781982422,41.15909957885742,228.93418884277344,115.15343475341797,111.99776458740234,190.15414428710938,43.20222091674805,35.991554260253906
2021-02-02,131.04965209960938,138.36317443847656,116.53646850585938,41.56661605834961,228.80044555664062,116.33038330078125,111.84146118164062,194.2283172607422,43.66753387451172,36.56044387817383
2021-02-03,130.0302734375,137.7196502685547,117.87091064453125,41.40530776977539,232.1343994140625,116.02772521972656,111.98037719726562,193.030029296875,43.8009147644043,37.99464416503906
2021-02-04,133.37954711914062,138.99815368652344,120.58354187011719,41.60906219482422,231.1886444091797,117.4232177734375,112.04988098144531,200.59361267089844,44.21348190307617,38.723777770996094
2021-02-05,132.96633911132812,141.10899353027344,120.34803771972656,42.15242385864258,231.3701934814453,118.49928283691406,112.5188217163086,200.13343811035156,44.781166076660156,40.021785736083984
2021-02-08,133.11219787597656,141.51226806640625,122.23204803466797,42.38164520263672,231.62808227539062,118.02850341796875,112.17147064208984,198.33126831054688,44.9890022277832,41.74443817138672
2021-02-09,132.2371368408203,142.6707000732422,121.74356842041016,42.19486618041992,232.86996459960938,117.35600280761719,111.73723602294922,197.9765625,45.23716735839844,41.25553894042969
2021-02-10,131.63433837890625,143.13400268554688,121.8133544921875,42.10997009277344,231.9624481201172,115.75872039794922,111.34647369384766,197.89988708496094,44.709815979003906,41.654808044433594
2021-02-11,131.38156127929688,142.490478515625,121.47319793701172,42.704254150390625,233.5577850341797,113.46375274658203,111.44200134277344,202.25881958007812,44.67570495605469,40.6118049621582
2021-02-12,131.61489868164062,142.9366912841797,123.20015716552734,43.03536605834961,234.03543090820312,112.53900909423828,110.82542419433594,201.58670043945312,44.815284729003906,41.165897369384766
2021-02-16,129.49534606933594,141.6409912109375,126.16569519042969,42.67879867553711,232.80313110351562,112.96772003173828,111.08594512939453,199.60887145996094,45.18442916870117,42.40446090698242
2021-02-17,127.2105484008789,142.14727783203125,126.55817413330078,42.55992126464844,233.81802368164062,113.03498077392578,111.55487823486328,199.2344207763672,45.66214370727539,43.064491271972656
2021-02-18,126.1119155883789,142.2158966064453,126.98551940917969,43.1032829284668,233.4254608154297,113.79998016357422,112.48406982421875,201.00103759765625,42.702789306640625,42.388160705566406
2021-02-19,126.26747131347656,139.84759521484375,129.10504150390625,42.54295349121094,230.725341796875,111.39571380615234,110.39122772216797,196.56527709960938,42.91374588012695,42.67336654663086
2021-02-22,122.50482177734375,139.76129150390625,130.31744384765625,42.984432220458984,224.53997802734375,110.95856475830078,109.92228698730469,200.01210021972656,42.712093353271484,44.246002197265625
2021-02-23,122.36872100830078,138.52662658691406,131.3640899658203,42.908016204833984,223.3527069091797,111.62268829345703,110.73855590820312,203.65097045898438,42.0234375,44.857139587402344
2021-02-24,121.87284088134766,140.38296508789062,133.67543029785156,43.05234909057617,224.5783233642578,111.04264831542969,110.86016845703125,210.6790313720703,41.3223762512207,46.201637268066406
2021-02-25,117.63377380371094,140.52975463867188,131.86123657226562,42.5938835144043,219.25466918945312,109.28564453125,109.92228698730469,205.22560119628906,40.9315185546875,45.43568420410156
2021-02-26,117.89631652832031,136.81703186035156,128.36366271972656,41.59208297729492,222.50054931640625,108.60472869873047,107.27367401123047,203.91976928710938,40.30180740356445,44.303043365478516
2021-03-01,124.24517822265625,137.5595703125,131.2681121826172,42.36466979980469,226.86668395996094,109.80686950683594,107.93365478515625,207.99066162109375,40.75160217285156,45.957191467285156
2021-03-02,121.64924621582031,137.300537109375,130.84075927734375,42.534461975097656,223.9272003173828,110.18517303466797,107.594970703125,207.16502380371094,40.36073684692383,45.68827438354492
2021-03-03,118.67411041259766,134.88296508789062,133.3701629638672,42.432579040527344,217.88548278808594,108.56268310546875,106.95235443115234,206.2816925048828,39.57902526855469,46.054962158203125
2021-03-04,116.79765319824219,132.1632080078125,131.3205108642578,42.398624420166016,217.0907440185547,109.16686248779297,106.07526397705078,203.06533813476562,39.5604133605957,47.83946228027344
2021-03-05,118.05187225341797,134.77940368652344,131.62574768066406,43.120269775390625,221.7537078857422,112.72583770751953,109.40125274658203,206.81936645507812,40.05364990234375,49.648414611816406
2021-03-08,113.13224792480469,135.90179443359375,133.3701629638672,43.84190368652344,217.72265625,111.96318817138672,110.55622100830078,211.48556518554688,39.66897964477539,49.59953308105469
2021-03-09,117.73101806640625,136.16079711914062,132.4281768798828,43.17969512939453,223.8410186767578,112.06488037109375,109.5749282836914,211.57199096679688,39.9822998046875,48.833580017089844
2021-03-10,116.65181732177734,137.4127960205078,135.30648803710938,43.67210388183594,222.53883361816406,113.19188690185547,110.582275390625,214.26988220214844,41.00286865234375,50.332889556884766
2021-03-11,118.57689666748047,137.40415954589844,134.5999755859375,43.19668197631836,227.04859924316406,112.88681030273438,110.20886993408203,217.13104248046875,40.987361907958984,49.95806884765625
2021-03-12,117.67266845703125,137.80136108398438,136.19610595703125,43.1110725402832,225.727294921875,112.73429870605469,111.2770004272461,215.4124298095703,41.60466384887695,50.49585723876953
2021-03-15,120.55057525634766,138.50929260253906,135.5157928466797,43.684627532958984,224.8272247314453,112.72583770751953,111.64170837402344,214.36590576171875,41.390628814697266,49.208412170410156
2021-03-16,122.08674621582031,139.32957458496094,133.89349365234375,43.8472785949707,227.60401916503906,113.5562515258789,111.97172546386719,215.7388916015625,41.37822723388672,48.1654052734375
2021-03-17,121.29920959472656,138.8115234375,135.2716064453125,43.864402770996094,226.9624481201172,113.22578430175781,111.52014923095703,214.12591552734375,41.03389358520508,48.37726974487305
2021-03-18,117.18657684326172,138.552490234375,137.50450134277344,43.29084014892578,220.91114807128906,112.30213165283203,111.76331329345703,211.86000061035156,40.49810791015625,46.2912712097168
2021-03-19,116.66153717041016,138.1811981201172,135.3152313232422,43.49629592895508,220.5568389892578,113.97145080566406,111.16409301757812,198.64874267578125,41.03700256347656,46.030521392822266
2021-03-22,119.96720886230469,138.5784149169922,131.6781005859375,43.65894317626953,225.9570770263672,116.76779174804688,113.04853057861328,199.70492553710938,41.233253479003906,45.55791091918945
2021-03-23,119.14079284667969,138.44888305664062,130.36106872558594,43.9927978515625,227.47950744628906,118.17442321777344,115.15007019042969,199.848876953125,41.7223014831543,44.99566650390625
2021-03-24,116.75875091552734,139.7958526611328,131.37278747558594,44.104103088378906,225.4496307373047,117.62364196777344,115.11531829833984,199.7720947265625,41.463768005371094,45.90829086303711
2021-03-25,117.244873046875,139.8476104736328,133.05618286132812,44.532135009765625,222.46221923828125,118.31846618652344,115.91425323486328,199.67608642578125,41.74410629272461,45.77790832519531
2021-03-26,117.84769439697266,142.40330505371094,135.2716064453125,45.40530776977539,226.4262237548828,120.91991424560547,117.62501525878906,205.01434326171875,42.092987060546875,47.024627685546875
2021-03-29,118.02269744873047,143.36172485351562,133.1696014404297,46.09870529174805,225.23898315429688,122.7078628540039,119.46601104736328,205.9552764892578,42.57270050048828,46.77202224731445
2021-03-30,116.57403564453125,142.4724578857422,134.73953247070312,45.49946975708008,221.9931182861328,120.78429412841797,117.62501525878906,203.44932556152344,42.28300857543945,46.193477630615234
2021-03-31,118.76162719726562,141.902587890625,132.77706909179688,45.12281036376953,225.74642944335938,119.86067962646484,117.60762786865234,203.28610229492188,42.31104278564453,45.49272155761719
2021-04-01,119.5880355834961,140.5901641845703,134.0679168701172,44.951602935791016,232.04669189453125,119.7166519165039,116.60897064208984,208.21156311035156,42.24563217163086,46.763877868652344
2021-04-05,122.40760803222656,141.1082000732422,134.7786102294922,45.208412170410156,238.4810028076172,121.3096923828125,118.493408203125,210.30459594726562,43.43243408203125,46.038673400878906
2021-04-06,122.7090072631836,141.0736846923828,133.83106994628906,45.53371047973633,237.32244873046875,121.7418441772461,118.53682708740234,209.93017578125,43.64115524291992,45.90829086303711
2021-04-07,124.35211944580078,141.26364135742188,135.9279022216797,45.61075973510742,239.27569580078125,121.52155303955078,118.74525451660156,210.52542114257812,43.547691345214844,46.111995697021484
2021-04-08,126.74385070800781,140.7110595703125,136.0946044921875,45.47378158569336,242.4832763671875,120.78429412841797,119.1968002319336,211.89837646484375,43.5196647644043,45.63124084472656
2021-04-09,129.31063842773438,139.22601318359375,137.1123046875,45.525146484375,244.97274780273438,120.80972290039062,118.42396545410156,213.64578247070312,43.541465759277344,45.52531814575195
2021-04-12,127.59947967529297,139.56271362304688,136.82278442382812,45.67068099975586,245.0301971435547,121.19107055664062,118.90157318115234,212.63766479492188,43.547691345214844,45.22383117675781
2021-04-13,130.700927734375,137.69769287109375,135.19093322753906,45.4481086730957,247.50051879882812,121.21647644042969,117.32978820800781,212.20562744140625,43.41374969482422,45.39493942260742
2021-04-14,128.36756896972656,138.07762145996094,132.6641845703125,45.43954849243164,244.72378540039062,120.41997528076172,117.75530242919922,213.12734985351562,43.39817810058594,46.70682907104492
2021-04-15,130.76905822753906,138.48342895507812,133.5064239501953,45.653568267822266,248.46754455566406,120.5894546508789,119.17945098876953,217.255859375,43.65983581542969,46.42979049682617
2021-04-16,130.43844604492188,140.08074951171875,134.49781799316406,45.95317840576172,249.6548309326172,122.15707397460938,119.18812561035156,217.38070678710938,43.80000305175781,46.169044494628906
2021-04-19,131.09957885742188,140.46926879882812,133.9275665283203,46.22712707519531,247.73985290527344,122.65705871582031,118.6323471069336,216.785400390625,43.5196647644043,46.022369384765625
2021-04-20,129.41761779785156,143.7416534423828,130.9621124267578,46.372650146484375,247.2802734375,123.47050476074219,119.622314453125,214.37551879882812,43.856082916259766,45.05270767211914
2021-04-21,129.79681396484375,143.8366241455078,132.07630920410156,46.74931335449219,249.50161743164062,124.54667663574219,118.8407974243164,218.37921142578125,43.983787536621094,45.63124084472656
2021-04-22,128.280029296875,142.6191864013672,129.29515075683594,46.60378646850586,246.2366485595703,123.77555847167969,117.66094207763672,218.49444580078125,43.5072021484375,45.036407470703125
2021-04-23,130.59402465820312,142.91278076171875,131.76931762695312,46.62947463989258,250.0474090576172,123.5721664428711,117.05790710449219,220.82749938964844,43.578834533691406,45.280860900878906
2021-04-26,130.98291015625,141.70394897460938,132.09390258789062,45.936065673828125,250.4303436279297,121.47915649414062,114.71569061279297,221.15396118164062,42.95895767211914,45.37049102783203
2021-04-27,130.66209411621094,140.8923797607422,132.69927978515625,45.86758041381836,250.8325958251953,121.08088684082031,114.64576721191406,220.7411346435547,43.10536575317383,45.96532440185547
2021-04-28,129.8745574951172,139.8562774658203,133.55906677246094,45.876136779785156,243.73756408691406,120.18270111083984,114.83804321289062,224.13992309570312,42.952720642089844,47.35055923461914
2021-04-29,129.77734375,141.77305603027344,136.1560516357422,46.44968795776367,241.7747344970703,121.97065734863281,115.80814361572266,227.41392517089844,43.49473190307617,48.02688980102539
2021-04-30,127.8133544921875,140.50381469726562,134.94528198242188,46.21000671386719,241.45877075195312,122.15707397460938,116.60344696044922,224.24554443359375,43.58195495605469,46.64165115356445
2021-05-03,128.8634033203125,142.6451416015625,134.55052185058594,46.63802719116211,241.15234375,123.53826904296875,117.98429870605469,223.3334503173828,44.2703742980957,47.929100036621094
2021-05-04,124.30350494384766,144.85545349121094,136.41049194335938,46.34696578979492,237.25538635253906,121.98760223388672,117.5822982788086,222.77655029296875,43.834266662597656,48.2305908203125
2021-05-05,124.54656219482422,144.25106811523438,138.20025634765625,46.22712707519531,235.9915313720703,121.92828369140625,116.63838958740234,220.06903076171875,43.796905517578125,49.68102264404297
2021-05-06,126.14106750488281,144.8295440673828,140.98147583007812,46.68938446044922,239.1129150390625,123.34339141845703,118.10664367675781,222.09486389160156,44.109615325927734,50.153621673583984
2021-05-07,126.81310272216797,145.48573303222656,141.4640350341797,46.6637077331543,241.7268524169922,123.34339141845703,118.11536407470703,222.86294555664062,43.84380340576172,50.87067794799805
2021-05-10,123.5407485961914,147.01397705078125,141.44647216796875,47.006134033203125,236.6713104248047,124.32633972167969,120.3177719116211,216.95822143554688,44.03768539428711,50.992919921875
2021-05-11,122.62525939941406,145.81385803222656,139.09515380859375,46.501060485839844,235.76171875,123.41962432861328,119.7234878540039,216.48773193359375,43.640525817871094,49.371368408203125
2021-05-12,119.56716918945312,145.2267608642578,138.13885498046875,46.26136016845703,228.83912658691406,122.21636962890625,118.45623016357422,211.83120727539062,42.51160430908203,49.63593292236328
2021-05-13,121.70977020263672,146.74635314941406,141.69212341308594,46.6637077331543,232.69776916503906,124.02974700927734,120.36146545410156,215.12918090820312,43.23086929321289,49.02415084838867
2021-05-14,124.12506866455078,146.97080993652344,143.89425659179688,46.85204315185547,237.60008239746094,124.2161865234375,120.61490631103516,218.20602416992188,43.63115310668945,50.239418029785156
2021-05-17,122.97586059570312,147.1176300048828,144.47332763671875,46.77500534057617,234.75636291503906,123.86027526855469,120.37022399902344,217.7252655029297,43.434139251708984,51.41335678100586
2021-05-18,121.5929183959961,147.1693878173828,142.4378662109375,46.5181770324707,232.7456512451172,123.30099487304688,119.13790130615234,216.8887939453125,44.37856674194336,49.95833969116211
2021-05-19,121.43708038330078,146.84994506835938,141.34994506835938,46.372650146484375,233.32147216796875,123.23323822021484,119.38262939453125,215.94647216796875,44.38169479370117,48.75960159301758
2021-05-20,123.98873138427734,147.70469665527344,141.10427856445312,46.78356170654297,236.5460662841797,124.75850677490234,120.60619354248047,217.7252655029297,44.53804016113281,48.64387512207031
2021-05-21,122.15779113769531,147.6097869873047,142.7098388671875,46.75787353515625,235.2888641357422,124.64832305908203,120.60619354248047,218.04258728027344,44.32852554321289,48.71000671386719
2021-05-24,123.7842025756836,148.17449951171875,143.4818878173828,46.9119758605957,240.67271423339844,125.28388214111328,120.57120513916016,220.49444580078125,44.3316535949707,49.280433654785156
2021-05-25,123.58943939208984,147.76614379882812,141.9991912841797,46.903404235839844,241.5748291015625,125.6651840209961,120.98194122314453,220.2060089111328,44.513031005859375,48.164371490478516
2021-05-26,123.5407485961914,146.88864135742188,141.98162841796875,47.108856201171875,241.3541259765625,125.6651840209961,120.71105194091797,218.3310546875,44.45986557006836,48.72654342651367
2021-05-27,122.01168823242188,146.66278076171875,144.19256591796875,47.502647399902344,239.26199340820312,124.14837646484375,117.96680450439453,218.12908935546875,44.30976867675781,48.412384033203125
2021-05-28,121.35919189453125,147.04502868652344,144.09603881835938,47.3314323425293,239.61705017089844,125.36013793945312,117.85321044921875,218.5521697998047,44.41609191894531,48.255313873291016
2021-06-01,121.03778076171875,143.8130645751953,145.68405151367188,47.32286834716797,237.42898559570312,125.09745025634766,116.13151550292969,217.9080047607422,44.300376892089844,49.98313903808594
2021-06-02,121.79741668701172,144.39515686035156,145.6928253173828,47.5112190246582,237.3330078125,125.5973892211914,116.63838958740234,220.8213653564453,44.20344161987305,50.37995910644531
2021-06-03,120.31709289550781,144.2561492919922,145.7893524169922,47.63105392456055,235.80711364746094,126.04548645019531,118.72713470458984,219.33099365234375,44.2816162109375,50.57837677001953
2021-06-04,122.60578918457031,144.1953887939453,146.02622985839844,48.14468002319336,240.6823272705078,126.19062042236328,118.8145523071289,221.28285217285156,44.359798431396484,50.80159378051758
2021-06-07,122.61552429199219,143.21360778808594,145.3419189453125,47.973472595214844,243.58062744140625,126.11380767822266,119.22532653808594,222.41749572753906,44.06270980834961,50.47090530395508
2021-06-08,123.43358612060547,141.95384216308594,144.76284790039062,47.639617919921875,242.39060974121094,124.9358901977539,117.84444427490234,223.11936950683594,43.72809600830078,51.3637580871582
2021-06-09,123.81343078613281,143.86517333984375,142.95547485351562,47.494083404541016,243.36949157714844,124.70542907714844,117.80077362060547,223.36936950683594,43.493553161621094,51.79364776611328
2021-06-10,122.82003784179688,145.15975952148438,140.7270050048828,47.8621940612793,246.8723907470703,125.98577117919922,118.67471313476562,224.94627380371094,43.74372863769531,51.87632369995117
2021-06-11,124.02767181396484,143.31784057617188,140.6305389404297,48.076202392578125,247.49620056152344,126.06256103515625,117.8619384765625,225.9174041748047,44.015804290771484,51.396820068359375
2021-06-14,127.07601928710938,143.67404174804688,138.24412536621094,47.91233444213867,249.41561889648438,126.81372833251953,117.90564727783203,225.07127380371094,43.95638656616211,51.31415939331055
2021-06-15,126.25794219970703,142.9095001220703,136.1472625732422,47.79157257080078,247.947265625,126.82228088378906,117.67840576171875,224.0135498046875,43.781253814697266,53.18252944946289
2021-06-16,126.75460815429688,142.85740661621094,137.10357666015625,47.1533203125,247.00674438476562,125.5589828491211,116.04412841796875,220.763671875,42.8900032043457,52.99238586425781
2021-06-17,128.35183715820312,143.5437469482422,133.146728515625,47.39482498168945,250.38482666015625,126.77104187011719,117.10160827636719,223.21551513671875,43.06825256347656,51.24801254272461
2021-06-18,127.05656433105469,140.72882080078125,129.77769470214844,46.3770637512207,248.97410583496094,124.12498474121094,115.38864135742188,221.54249572753906,42.270809173583984,49.93355178833008
2021-06-21,128.8485565185547,142.3448028564453,131.97984313964844,46.885948181152344,252.045166015625,125.09807586669922,116.29756927490234,225.30201721191406,42.655460357666016,51.744041442871094
2021-06-22,130.48471069335938,142.15365600585938,131.78683471679688,47.05845260620117,254.80905151367188,125.28585052490234,116.34123992919922,226.85000610351562,42.85246658325195,52.73609924316406
2021-06-23,130.21202087402344,141.2935333251953,132.585205078125,46.67893981933594,254.57876586914062,123.63847351074219,116.17521667480469,225.6481170654297,42.517852783203125,53.124664306640625
2021-06-24,129.92958068847656,141.9364471435547,133.8047637939453,46.91181564331055,255.94154357910156,124.3383560180664,116.2538833618164,227.1481170654297,42.814945220947266,53.339603424072266
2021-06-25,129.63743591308594,142.666259765625,135.15585327148438,46.85144805908203,254.3387908935547,124.97001647949219,117.91436767578125,228.18658447265625,43.32155227661133,53.45533752441406
2021-06-28,131.2638702392578,142.5011749267578,135.4014892578125,46.79969024658203,257.8897705078125,125.50777435302734,118.26395416259766,225.0808868408203,43.18708038330078,52.091270446777344
2021-06-29,132.7734375,142.50987243652344,135.23484802246094,46.45469665527344,260.4617004394531,125.42242431640625,117.4599380493164,226.86927795410156,42.93690490722656,51.76884460449219
2021-06-30,133.38697814941406,143.126708984375,136.46310424804688,46.670318603515625,259.9818420410156,126.47227478027344,117.923095703125,224.8212890625,44.1002311706543,52.14913558959961
2021-07-01,133.68890380859375,144.18666076660156,137.8142547607422,46.54094314575195,260.65362548828125,126.49788665771484,118.19405364990234,226.10006713867188,43.56861114501953,52.297935485839844
2021-07-02,136.3086700439453,146.81045532226562,137.68190002441406,46.730690002441406,266.45977783203125,127.10392761230469,118.77086639404297,229.4461212158203,43.8156623840332,52.223533630371094
2021-07-06,138.31500244140625,145.93295288085938,135.36997985839844,46.4719352722168,266.4694519042969,127.29170227050781,118.84076690673828,230.3788299560547,43.762481689453125,50.73545837402344
2021-07-07,140.79843139648438,147.18405151367188,135.52879333496094,46.85144805908203,268.6478576660156,127.85508728027344,119.73217010498047,230.76341247558594,43.69056701660156,49.941810607910156
2021-07-08,139.50314331054688,146.89732360839844,133.1904296875,46.68756866455078,266.2391357421875,127.91481018066406,119.71471405029297,227.5038604736328,43.653038024902344,49.71859359741211
2021-07-09,141.32435607910156,147.47938537597656,137.45245361328125,46.972190856933594,266.73809814453125,127.5904541015625,119.7584228515625,229.29229736328125,43.87508010864258,50.61970901489258
2021-07-12,140.7302703857422,147.24485778808594,139.42022705078125,46.989444732666016,266.1431579589844,127.6160888671875,119.85458374023438,228.71534729003906,43.796897888183594,50.570106506347656
2021-07-13,141.84054565429688,147.06240844726562,137.3465576171875,47.4552001953125,269.6555480957031,130.5608673095703,119.70600891113281,233.0229949951172,43.96263122558594,50.33037185668945
2021-07-14,145.25897216796875,148.0615234375,136.87884521484375,48.52470779418945,271.12384033203125,131.9094696044922,120.58870697021484,236.52291870117188,44.26597213745117,49.21430206298828
2021-07-15,144.6064453125,146.28045654296875,137.17889404296875,48.679962158203125,269.7035827636719,132.51553344726562,121.61997985839844,238.98434448242188,44.300376892089844,48.73480987548828
2021-07-16,142.57095336914062,146.0458984375,134.04637145996094,48.64546203613281,269.434814453125,133.0020294189453,122.79981231689453,238.57090759277344,44.26911163330078,47.38725662231445
2021-07-19,138.73373413085938,144.98594665527344,129.68727111816406,48.06757736206055,265.8455810546875,132.98497009277344,122.7386245727539,231.15762329101562,44.1659049987793,45.75863265991211
2021-07-20,142.33724975585938,146.34996032714844,132.10507202148438,48.15382766723633,268.0625305175781,133.0020294189453,122.08316040039062,233.35951232910156,44.36605453491211,46.2629280090332
2021-07-21,141.60678100585938,147.25355529785156,134.88462829589844,48.77482986450195,270.0586242675781,132.50698852539062,121.65489959716797,234.28256225585938,44.147151947021484,47.75101089477539
2021-07-22,142.9702911376953,147.67926025390625,133.18157958984375,48.705841064453125,274.60760498046875,132.46429443359375,121.18881225585938,234.74411010742188,44.17841339111328,47.21364974975586
2021-07-23,144.6843719482422,149.25177001953125,132.9256591796875,49.171600341796875,277.99530029296875,134.1628875732422,122.93891143798828,239.43626403808594,44.541175842285156,47.155784606933594
2021-07-26,145.10311889648438,149.32130432128906,133.81687927246094,49.214717864990234,277.4003601074219,134.06903076171875,123.36988067626953,240.61895751953125,44.603721618652344,48.34624099731445
2021-07-27,142.9410400390625,150.00765991210938,133.6404571533203,49.38721466064453,274.991455078125,134.8115997314453,123.87117767333984,241.2727508544922,44.60685348510742,47.80888748168945
2021-07-28,141.19773864746094,149.59063720703125,133.8610076904297,48.938716888427734,274.68438720703125,133.57394409179688,122.0330810546875,237.43634033203125,44.42546081542969,48.131309509277344
2021-07-29,141.84054565429688,149.59063720703125,135.00819396972656,49.206085205078125,274.9530944824219,133.8470458984375,122.66629028320312,238.3786163330078,44.48176193237305,48.7182731628418
2021-07-30,142.0547637939453,149.60800170898438,133.93161010742188,49.188838958740234,273.42718505859375,133.96656799316406,125.08477783203125,236.90745544433594,44.578704833984375,47.59394454956055
2021-08-02,141.7236785888672,149.6688232421875,133.39337158203125,49.0594596862793,273.3407897949219,133.4288330078125,124.77696228027344,230.55184936523438,44.475502014160156,47.60220718383789
2021-08-03,143.5157012939453,151.51065063476562,134.91107177734375,49.09396743774414,275.54815673828125,133.7275848388672,126.59747314453125,227.96539306640625,44.97586441040039,48.11476516723633
2021-08-04,143.1163330078125,150.61582946777344,133.4551544189453,48.386714935302734,274.96270751953125,131.49127197265625,125.26068115234375,227.56158447265625,44.66939926147461,46.99044418334961
2021-08-05,143.22349548339844,150.90252685546875,135.1405487060547,48.731712341308594,277.8514099121094,131.71316528320312,125.3222427368164,230.96536254882812,45.498104095458984,47.288055419921875
2021-08-06,142.54075622558594,150.3986358642578,138.97901916503906,48.85245895385742,277.7937316894531,131.73025512695312,124.36368560791016,232.10951232910156,45.41679763793945,47.83368682861328
2021-08-09,142.4920196533203,150.91990661621094,138.82899475097656,48.861083984375,276.7093505859375,131.747314453125,125.04082489013672,230.76341247558594,45.526248931884766,47.288055419921875
2021-08-10,142.01406860351562,150.97201538085938,140.5320281982422,48.99046325683594,274.8955383300781,131.81558227539062,125.11996459960938,228.90773010253906,46.49569320678711,48.098236083984375
2021-08-11,142.26759338378906,150.99807739257812,142.20860290527344,48.930084228515625,275.3849792480469,132.3362579345703,125.42778015136719,226.01353454589844,46.9116096496582,48.238773345947266
2021-08-12,145.2230224609375,152.2144012451172,142.76449584960938,49.02495574951172,278.1296691894531,132.36187744140625,125.718017578125,223.17324829101562,46.786067962646484,48.129676818847656
2021-08-13,145.42784118652344,153.1266326904297,141.16737365722656,49.3613395690918,281.0472106933594,133.59959411621094,126.3248062133789,224.00120544433594,46.93358612060547,47.64292526245117
2021-08-16,147.3980712890625,154.508056640625,140.2408447265625,49.57697677612305,282.72662353515625,134.90550231933594,127.20427703857422,226.61048889160156,47.316505432128906,46.94636154174805
2021-08-17,146.49099731445312,155.9241943359375,138.54661560058594,49.40447235107422,281.2679443359375,134.77748107910156,127.41533660888672,225.8113555908203,47.300819396972656,46.62746047973633
2021-08-18,142.7553253173828,153.9433135986328,137.28475952148438,48.731712341308594,279.54681396484375,133.39466857910156,126.02581024169922,223.01914978027344,46.79862594604492,45.645565032958984
2021-08-19,143.0869598388672,155.14230346679688,136.1376495361328,49.04221725463867,285.35443115234375,135.6395721435547,127.5121078491211,222.96136474609375,47.115631103515625,44.252445220947266
2021-08-20,144.5402374267578,155.89813232421875,136.52590942382812,48.85245895385742,292.6524963378906,135.16159057617188,127.60004425048828,222.75914001464844,47.53622817993164,44.260841369628906
2021-08-23,146.0228271484375,155.22515869140625,138.27308654785156,48.679962158203125,292.9313659667969,134.73475646972656,126.94925689697266,225.4358673095703,47.22235107421875,46.08195877075195
2021-08-24,145.9350128173828,153.2849884033203,139.12904357910156,48.309085845947266,290.9793395996094,133.06179809570312,125.92027282714844,225.53219604492188,46.73584747314453,46.45962142944336
2021-08-25,144.7060546875,152.2711639404297,141.99684143066406,48.36083221435547,290.3928527832031,132.47283935546875,125.47175598144531,223.9434814453125,46.75467300415039,46.54353713989258
2021-08-26,143.90628051757812,151.45838928222656,142.729248046875,47.903709411621094,287.585205078125,131.98629760742188,125.25189971923828,221.95040893554688,46.24934768676758,45.91411590576172
2021-08-27,144.9401397705078,151.135009765625,143.87635803222656,47.99858474731445,288.19097900390625,132.25091552734375,125.15512084960938,224.03976440429688,45.98882293701172,46.80370330810547
2021-08-30,149.3488311767578,151.7729949951172,141.5732879638672,48.4556999206543,291.9120788574219,133.1556854248047,125.70044708251953,222.63401794433594,46.359195709228516,46.291770935058594
2021-08-31,148.090576171875,151.309814453125,141.14089965820312,48.567848205566406,290.26788330078125,133.4885711669922,125.22551727294922,220.5831756591797,46.484745025634766,45.75466537475586
2021-09-01,148.7538299560547,151.84292602539062,140.93797302246094,48.895591735839844,290.21978759765625,134.78598022460938,126.50067901611328,221.56529235839844,46.384315490722656,45.12525177001953
2021-09-02,149.86573791503906,152.88291931152344,141.59091186523438,48.96458053588867,289.56597900390625,134.88482666015625,126.59747314453125,215.8460693359375,46.62913131713867,46.22463607788086
2021-09-03,150.499755859375,152.9790802001953,140.73500061035156,48.930084228515625,289.55633544921875,135.00518798828125,126.68540954589844,216.74154663085938,46.845699310302734,46.04839324951172
2021-09-07,152.83091735839844,150.60186767578125,140.48789978027344,48.01583480834961,288.6333312988281,132.8050537109375,126.21051788330078,217.85842895507812,46.224239349365234,45.779842376708984
2021-09-08,151.28981018066406,150.23483276367188,139.86141967773438,48.66271209716797,288.6621398925781,134.68716430664062,127.16912078857422,220.57354736328125,46.28385925292969,45.360233306884766
2021-09-09,150.2754364013672,146.88754272460938,140.4702606201172,48.1796989440918,285.8159484863281,133.83631896972656,126.63267517089844,219.03305053710938,45.957435607910156,45.393795013427734
2021-09-10,145.30105590820312,145.92617797851562,138.85546875,47.964080810546875,284.335205078125,133.6043243408203,126.75575256347656,216.54896545410156,45.79109191894531,45.301490783691406
2021-09-13,145.86676025390625,144.90362548828125,141.06149291992188,48.36083221435547,285.5659484863281,133.86212158203125,128.11891174316406,216.27938842773438,45.53057098388672,46.4680061340332
2021-09-14,144.47198486328125,144.0296630859375,138.59957885742188,48.395591735839844,288.25823974609375,133.337890625,127.8990249633789,214.73883056640625,45.29202651977539,45.80502700805664
2021-09-15,145.35955810546875,144.57151794433594,139.5614013671875,48.56071090698242,293.0948181152344,134.08558654785156,127.62641906738281,215.4898681640625,45.37049102783203,47.34919357299805
2021-09-16,145.12545776367188,144.39671325683594,139.4996337890625,48.10012435913086,293.4794006347656,133.6902313232422,126.73816680908203,215.99053955078125,45.52116394042969,46.84565734863281
2021-09-17,142.46267700195312,143.98594665527344,139.13784790039062,47.309322357177734,288.3351745605469,132.46128845214844,126.94042205810547,213.5064239501953,45.42699432373047,46.291770935058594
2021-09-20,139.41958618164062,143.1644744873047,134.97291564941406,46.979095458984375,282.9793701171875,132.01438903808594,125.66522216796875,211.86965942382812,44.80238723754883,45.058109283447266
2021-09-21,139.89749145507812,143.793701171875,134.9905242919922,46.97040939331055,283.4602355957031,131.9542236328125,125.85868072509766,211.9851837158203,44.890262603759766,45.016136169433594
2021-09-22,142.2578582763672,143.26931762695312,137.57594299316406,47.03993225097656,287.0948181152344,132.358154296875,126.28959655761719,214.46926879882812,44.786685943603516,46.333736419677734
2021-09-23,143.21376037597656,144.08209228515625,142.2262420654297,46.96171951293945,288.037109375,132.46128845214844,126.80852508544922,219.82254028320312,44.81180191040039,47.90309143066406
2021-09-24,143.301513671875,143.64508056640625,143.86753845214844,46.831363677978516,287.83526611328125,132.5214385986328,126.24565124511719,222.98062133789062,44.93735122680664,48.33109664916992
2021-09-27,141.7897186279297,142.6051025390625,147.3441925048828,46.58803176879883,282.8545227050781,131.24949645996094,124.58351135253906,221.06463623046875,44.64858627319336,49.76616668701172
2021-09-28,138.41493225097656,142.2904510498047,146.55006408691406,45.74509048461914,272.61407470703125,129.8142852783203,123.64246368408203,217.17478942871094,44.09930419921875,50.286495208740234
2021-09-29,139.312255859375,143.34796142578125,146.4353485107422,46.02317810058594,273.0757141113281,130.8885498046875,124.9001235961914,218.25318908691406,44.08047103881836,50.252925872802734
2021-09-30,138.01504516601562,141.14556884765625,144.44107055664062,45.59736251831055,271.0757141113281,129.26426696777344,122.94773864746094,214.46926879882812,43.747772216796875,49.363346099853516
2021-10-01,139.13668823242188,140.24539184570312,147.47657775878906,46.0753173828125,277.9794921875,129.72833251953125,122.75423431396484,221.89266967773438,43.016441345214844,51.13410949707031
2021-10-04,135.713134765625,139.15293884277344,147.31776428222656,46.04924011230469,272.2198791503906,129.0837860107422,122.05948638916016,216.37564086914062,42.60212326049805,51.79710388183594
2021-10-05,137.6346435546875,139.46759033203125,149.7234649658203,46.12746047973633,277.652587890625,129.84866333007812,122.53439331054688,215.9423828125,42.881465911865234,51.71318054199219
2021-10-06,138.50270080566406,139.75596618652344,150.0430450439453,46.67494201660156,281.8351745605469,133.1746063232422,124.17015075683594,218.08949279785156,43.19534683227539,50.764854431152344
2021-10-07,139.76089477539062,141.00572204589844,150.99295043945312,46.82267379760742,283.5082702636719,134.403564453125,125.1639633178711,221.9792938232422,43.70382308959961,50.90752029418945
2021-10-08,139.3805389404297,140.64743041992188,151.1083221435547,47.03123474121094,283.5082702636719,134.0941162109375,124.64505767822266,221.70970153808594,43.835655212402344,52.18313217163086
2021-10-11,139.292724609375,140.05311584472656,147.93028259277344,47.126834869384766,282.912109375,134.27464294433594,125.1639633178711,216.74154663085938,43.79484176635742,51.66282272338867
2021-10-12,138.02474975585938,137.81576538085938,146.7939910888672,47.126834869384766,281.6141357421875,134.86764526367188,124.97924041748047,215.72091674804688,43.747772216796875,51.3942756652832
2021-10-13,137.43951416015625,139.1354522705078,142.9235076904297,47.135520935058594,284.9121398925781,135.77859497070312,125.2695083618164,214.19007873535156,43.430747985839844,51.25160217285156
2021-10-14,140.21934509277344,139.9307861328125,145.11614990234375,47.45705795288086,291.1044006347656,136.8700714111328,126.68540954589844,216.80897521972656,43.90156173706055,52.03208923339844
2021-10-15,141.27273559570312,140.97079467773438,147.90365600585938,47.34407424926758,292.5082092285156,136.4833221435547,127.01081085205078,222.4029541015625,44.114990234375,52.52722930908203
2021-10-18,142.94064331054688,139.93951416015625,147.85040283203125,46.87480926513672,295.4697570800781,135.8645477294922,125.18155670166016,222.07557678222656,44.46968078613281,52.50204849243164
2021-10-19,145.09620666503906,143.2168731689453,149.6435546875,47.05731201171875,296.3736267089844,137.59201049804688,123.7040786743164,224.8388671875,45.4144401550293,53.290924072265625
2021-10-20,145.58389282226562,143.13819885253906,151.65869140625,47.47444152832031,295.5851135253906,138.6318817138672,124.18779754638672,222.81695556640625,45.82561111450195,53.58464813232422
2021-10-21,145.79847717285156,142.8061065673828,150.46914672851562,47.23110580444336,298.8062744140625,136.80133056640625,123.29400634765625,221.68084716796875,46.079856872558594,52.611148834228516
2021-10-22,145.02793884277344,143.08578491210938,152.49319458007812,47.31801223754883,297.267822265625,137.48023986816406,124.62138366699219,222.63401794433594,46.56007385253906,52.97201156616211
2021-10-25,144.97914123535156,143.40040588378906,151.74749755859375,47.126834869384766,296.2774658203125,136.83570861816406,124.63907623291016,225.18551635742188,47.099937438964844,54.004268646240234
2021-10-26,145.64244079589844,144.85997009277344,152.15582275390625,47.33539581298828,298.1812744140625,138.5115509033203,126.40887451171875,223.2021026611328,46.68876647949219,55.25472640991211
2021-10-27,145.1840362548828,143.103271484375,148.98667907714844,48.247859954833984,310.73895263671875,138.03028869628906,125.50626373291016,207.75839233398438,46.30584716796875,53.81964111328125
2021-10-28,148.81240844726562,142.32545471191406,151.2325897216797,48.69974899291992,311.87353515625,138.8982696533203,126.2584228515625,202.03916931152344,46.594600677490234,53.970703125
2021-10-29,146.110595703125,142.3516387939453,150.81536865234375,48.98653030395508,318.8638916015625,138.88108825683594,126.53277587890625,203.89749145507812,46.8990592956543,54.10498046875
2021-11-01,145.2913055419922,142.47402954101562,150.73548889160156,48.81271743774414,316.7005615234375,138.58888244628906,126.22303009033203,204.56178283691406,47.01519012451172,55.07847595214844
2021-11-02,146.32518005371094,144.72007751464844,151.3302459716797,48.751895904541016,320.3157958984375,139.86085510253906,127.47956848144531,201.365234375,46.99321746826172,54.39870071411133
2021-11-03,147.7589569091797,144.2569122314453,151.3834991455078,48.9170036315918,321.15240478515625,141.20150756835938,128.35568237304688,200.3638916015625,47.13759231567383,53.65179443359375
2021-11-04,147.24200439453125,143.85488891601562,149.39501953125,49.18639373779297,323.49847412109375,141.21011352539062,128.59457397460938,201.01861572265625,47.48286819458008,54.05461883544922
2021-11-05,147.76951599121094,142.83233642578125,149.18197631835938,49.39496994018555,323.1331787109375,142.66249084472656,129.23171997070312,208.61529541015625,47.15330123901367,54.566551208496094
2021-11-08,146.94900512695312,142.34292602539062,150.07858276367188,48.95176696777344,324.02740478515625,139.5944061279297,128.26718139648438,212.2932891845703,46.85197830200195,55.15401077270508
2021-11-09,147.31040954589844,142.02825927734375,148.94227600097656,49.09081268310547,323.02734375,140.52256774902344,128.6565399169922,205.4571990966797,47.01519012451172,55.69112014770508
2021-11-10,144.48745727539062,143.5664520263672,148.80020141601562,49.29068374633789,318.075439453125,140.97804260253906,129.9219512939453,207.91192626953125,46.591468811035156,54.593963623046875
2021-11-11,144.43858337402344,142.5089569091797,148.79135131835938,49.308067321777344,319.6426696777344,139.8178253173828,129.55027770996094,202.9542999267578,46.61030578613281,54.696022033691406
2021-11-12,146.50942993164062,144.21319580078125,148.12554931640625,49.195091247558594,323.7677307128906,139.783447265625,129.69187927246094,204.56503295898438,46.378028869628906,54.27927780151367
2021-11-15,146.5192108154297,142.91102600097656,147.85922241210938,49.203773498535156,323.1427307128906,140.7718048095703,130.43516540527344,204.76759338378906,46.111244201660156,54.74706268310547
2021-11-16,147.4959716796875,142.16812133789062,146.7939910888672,48.85617446899414,326.450439453125,140.35069274902344,130.2493438720703,207.54539489746094,44.93735122680664,55.29988479614258
2021-11-17,149.92822265625,142.70123291015625,146.00389099121094,48.58677291870117,326.67193603515625,140.4022674560547,130.16973876953125,197.7844696044922,44.5512809753418,54.696022033691406
2021-11-18,154.20657348632812,141.9321746826172,144.7433319091797,48.15227127075195,328.7430725097656,140.44525146484375,130.18740844726562,196.1158447265625,44.9342041015625,54.100677490234375
2021-11-19,156.82437133789062,142.3603973388672,142.85250854492188,47.9089469909668,330.5154724121094,140.78041076660156,129.9219512939453,193.73350524902344,44.692527770996094,51.60018539428711
2021-11-22,157.28350830078125,140.48663330078125,145.8973846435547,48.20440673828125,327.3559265136719,141.07260131835938,130.78915405273438,188.64080810546875,45.442684173583984,52.31460189819336
2021-11-23,157.66441345214844,141.35755920410156,149.3861541748047,48.56071090698242,325.2847900390625,142.01795959472656,132.24038696289062,191.44757080078125,45.76597213745117,53.69242477416992
2021-11-24,158.18214416503906,140.9617156982422,148.21435546875,48.16965866088867,325.50640869140625,140.72024536132812,131.5501708984375,196.03868103027344,45.99510192871094,53.990108489990234
2021-11-26,153.17115783691406,140.04681396484375,143.74905395507812,46.69231033325195,317.5784912109375,138.48577880859375,130.4971160888672,190.63735961914062,45.480350494384766,52.093475341796875
2021-11-29,156.52154541015625,140.5306396484375,143.12767028808594,47.43098449707031,324.2733459472656,141.06402587890625,131.8687744140625,189.32562255859375,44.76785659790039,52.38264465332031
2021-11-30,161.4641876220703,137.17022705078125,140.99716186523438,45.93343734741211,318.4550476074219,137.31695556640625,127.93977355957031,186.89501953125,44.140106201171875,50.89427185058594
2021-12-01,160.94647216796875,139.0615692138672,140.1626434326172,45.80207443237305,317.9637451171875,137.6435546875,129.55027770996094,183.41310119628906,43.04468536376953,50.85173034667969
2021-12-02,159.9598846435547,138.19065856933594,143.1099853515625,46.47641372680664,317.3954772949219,138.97164916992188,130.31129455566406,191.254638671875,42.52051544189453,52.11898422241211
2021-12-03,158.0844268798828,140.20513916015625,140.5177764892578,46.88800811767578,311.1533508300781,142.5103759765625,132.6297607421875,189.3545684814453,43.16083526611328,51.78729248046875
2021-12-06,161.48367309570312,143.33685302734375,142.17782592773438,48.087799072265625,314.2165832519531,143.9899444580078,134.63851928710938,195.48892211914062,43.62849044799805,52.37413787841797
2021-12-07,167.20770263671875,143.706298828125,144.31723022460938,48.35053253173828,322.6261291503906,143.82554626464844,134.28453063964844,200.0124969482422,43.487247467041016,52.960994720458984
2021-12-08,171.01719665527344,144.5684051513672,142.66607666015625,48.16661834716797,322.6742858886719,144.076416015625,134.88626098632812,201.57505798339844,43.047828674316406,53.11408615112305
2021-12-09,170.50924682617188,145.94073486328125,142.44415283203125,48.04400634765625,320.87298583984375,143.89474487304688,135.673828125,203.88990783691406,43.64659118652344,53.25016403198242
2021-12-10,175.28579711914062,145.580078125,141.8759765625,49.2875862121582,329.96636962890625,146.19622802734375,137.56753540039062,205.8285675048828,44.443885803222656,53.59036636352539
2021-12-13,171.661865234375,148.18394470214844,140.18931579589844,50.583709716796875,326.9417419433594,146.9230194091797,139.52313232421875,203.5330047607422,45.24433898925781,52.416664123535156
2021-12-14,170.28457641601562,149.8025665283203,141.26348876953125,50.618743896484375,316.28765869140625,146.55963134765625,140.0364532470703,202.52992248535156,45.67607879638672,52.34012222290039
2021-12-15,175.13925170898438,150.5503387451172,140.20706176757812,50.846439361572266,322.36602783203125,148.44581604003906,140.57623291015625,204.77723693847656,45.93764114379883,52.1104850769043
2021-12-16,168.2626495361328,152.19532775878906,142.39974975585938,51.36313247680664,312.9739074707031,148.66213989257812,142.56727600097656,206.76412963867188,45.17185592651367,52.19553756713867
2021-12-17,167.16867065429688,147.9904327392578,139.15957641601562,50.557437896728516,311.914306640625,145.61656188964844,139.3373565673828,204.36248779296875,43.725364685058594,51.05585861206055
2021-12-20,165.81088256835938,147.56817626953125,136.65615844726562,50.39104080200195,308.1671142578125,146.5855712890625,139.69131469726562,201.33392333984375,43.86719512939453,50.315921783447266
2021-12-21,168.97572326660156,147.09315490722656,138.5647735595703,50.592464447021484,315.27618408203125,146.15304565429688,139.60281372070312,207.7383270263672,43.99955368041992,51.45559310913086
2021-12-22,171.56422424316406,147.72650146484375,139.1062774658203,50.9515266418457,320.9692687988281,147.06143188476562,140.98326110839844,210.22679138183594,44.05625915527344,51.87234878540039
2021-12-23,172.18939208984375,148.00802612304688,139.6034393310547,50.98656463623047,322.4045715332031,146.89706420898438,141.6735076904297,208.93434143066406,43.95857620239258,51.89786148071289
2021-12-27,176.14541625976562,149.25718688964844,140.40237426757812,51.36313247680664,329.8797607421875,148.35931396484375,143.32830810546875,209.90846252441406,44.35879135131836,52.63779830932617
2021-12-28,175.1295166015625,149.85533142089844,140.8284912109375,51.56455612182617,328.7237243652344,149.12930297851562,144.09811401367188,210.3135986328125,44.9953727722168,52.46769714355469
2021-12-29,175.21746826171875,150.9110107421875,140.7574462890625,51.62586212158203,329.3980712890625,149.6571502685547,145.2927703857422,210.42929077148438,44.97331619262695,52.0084228515625
2021-12-30,174.06480407714844,151.57955932617188,140.6864013671875,51.47698211669922,326.8646240234375,149.39755249023438,144.0362091064453,210.13998413085938,45.11827850341797,51.70223617553711
2021-12-31,173.44943237304688,150.48875427246094,140.57106018066406,51.85355758666992,323.9748229980469,150.29736328125,144.7530059814453,209.0211181640625,45.5972785949707,52.04243850708008
2022-01-03,177.78639221191406,150.90219116210938,143.54490661621094,51.932376861572266,322.46240234375,149.665771484375,144.1512451171875,213.57366943359375,45.584693908691406,54.041133880615234
2022-01-04,175.5299835205078,150.4975128173828,148.98667907714844,52.799381256103516,316.9331359863281,149.88204956054688,144.6556396484375,214.567138671875,44.74956512451172,56.0738410949707
2022-01-05,170.86094665527344,151.50038146972656,146.26287841796875,53.237247467041016,304.7666320800781,150.39256286621094,145.31044006347656,212.19439697265625,45.354637145996094,56.77125930786133
2022-01-06,168.00868225097656,150.98135375976562,147.81674194335938,52.957008361816406,302.3583984375,150.42715454101562,144.0893096923828,211.95326232910156,45.22857666015625,58.10655212402344
2022-01-07,168.1747283935547,153.02223205566406,149.28138732910156,52.83440399169922,302.5125732421875,150.6175079345703,144.0096435546875,209.2622528076172,45.660316467285156,58.58283233642578
2022-01-10,168.1942596435547,152.26571655273438,149.4242706298828,52.921974182128906,302.7341003417969,150.6953887939453,142.04513549804688,204.4492950439453,45.572086334228516,58.234130859375
2022-01-11,171.01719665527344,150.64707946777344,149.57608032226562,52.939491271972656,303.4180908203125,150.6261749267578,140.39923095703125,206.77377319335938,45.44287872314453,60.6835823059082
2022-01-12,171.456787109375,149.3627166748047,150.42445373535156,53.018306732177734,306.5872802734375,150.46177673339844,140.7089385986328,208.0565948486328,45.203365325927734,60.504974365234375
2022-01-13,168.1942596435547,148.45660400390625,150.23690795898438,53.333587646484375,293.6117248535156,150.7040252685547,140.0718536376953,207.3717803955078,45.843109130859375,60.07121276855469
2022-01-14,169.05386352539062,147.6473388671875,141.00283813476562,53.7627067565918,298.8135070800781,151.96725463867188,141.4168701171875,207.05348205566406,45.71389389038086,61.12586975097656
2022-01-18,165.8597412109375,146.9963836669922,135.09088134765625,53.333587646484375,291.5406799316406,150.513671875,138.69137573242188,208.0565948486328,44.91343688964844,62.154964447021484
2022-01-19,162.37258911132812,146.53895568847656,133.00119018554688,53.42115783691406,292.1957092285156,151.59521484375,143.35479736328125,207.0631561279297,45.360931396484375,62.180484771728516
2022-01-20,160.6925048828125,145.3689422607422,131.86697387695312,53.20222473144531,290.5292053222656,150.49639892578125,144.1288299560547,206.74485778808594,44.503761291503906,62.31655502319336
2022-01-21,158.64122009277344,145.03463745117188,129.5629425048828,52.939491271972656,285.1636962890625,150.7386474609375,144.6804656982422,198.62355041503906,44.179176330566406,61.381011962890625
2022-01-24,157.8695526123047,143.3632354736328,129.4468231201172,52.510372161865234,285.4911804199219,149.9685821533203,143.50607299804688,194.68836975097656,44.18232345581055,61.908302307128906
2022-01-25,156.07225036621094,147.46258544921875,130.8578643798828,52.38776397705078,277.9004211425781,148.24679565429688,141.94021606445312,194.83306884765625,43.22114562988281,63.728389739990234
2022-01-26,155.9843292236328,148.12237548828125,132.09922790527344,52.19509506225586,285.818603515625,146.68075561523438,140.70355224609375,198.5657196044922,42.77996063232422,63.08199691772461
2022-01-27,155.52523803710938,150.06646728515625,129.76834106445312,52.238887786865234,288.8338317871094,146.54232788085938,141.57545471191406,198.8357696533203,42.80831527709961,63.88999938964844
2022-01-28,166.37742614746094,151.1220703125,130.9293212890625,53.28104019165039,296.9447326660156,149.39755249023438,142.79434204101562,219.9105682373047,43.33775329589844,64.02607727050781
2022-01-31,170.7241668701172,151.56195068359375,132.70648193359375,53.42991256713867,299.5649108886719,150.1330108642578,142.7498779296875,218.14547729492188,44.05941390991211,64.60440826416016
2022-02-01,170.55813598632812,150.32159423828125,134.98373413085938,53.03582763671875,297.4263610839844,149.1120147705078,142.11817932128906,224.11587524414062,44.40607452392578,68.74639129638672
2022-02-02,171.7595977783203,151.9842529296875,133.9031524658203,53.578800201416016,301.9538879394531,151.82017517089844,144.6626739501953,227.0673065185547,44.38716506958008,68.56776428222656
2022-02-03,168.88780212402344,151.97540283203125,132.79576110839844,53.95537185668945,290.19207763671875,151.73362731933594,146.03277587890625,223.324951171875,44.43128204345703,67.76830291748047
2022-02-04,168.6041717529297,150.98135375976562,136.242919921875,53.38612365722656,294.7099609375,149.24180603027344,143.71072387695312,220.28668212890625,43.90815353393555,69.23966217041016
2022-02-07,167.89022827148438,150.4799041748047,136.69837951660156,53.94661331176758,289.9030456542969,148.6534423828125,142.6342010498047,219.100341796875,43.47641372680664,70.07318115234375
2022-02-08,170.9905548095703,150.87579345703125,139.2703399658203,54.29690933227539,293.38055419921875,148.83517456054688,142.3139190673828,219.8527069091797,43.48586654663086,68.26158905029297
2022-02-09,172.4087677001953,150.8582000732422,139.85084533691406,53.45619201660156,299.78643798828125,148.76596069335938,141.99359130859375,222.67872619628906,43.391334533691406,67.93482208251953
2022-02-10,168.34011840820312,149.03724670410156,139.2703399658203,53.75394058227539,291.28057861328125,145.67709350585938,139.83169555664062,217.9400634765625,42.88395309448242,67.28125762939453
2022-02-11,164.93653869628906,147.53298950195312,137.45745849609375,52.799381256103516,284.21002197265625,145.8588104248047,139.04873657226562,217.07057189941406,42.647605895996094,68.97534942626953
2022-02-14,165.1712646484375,145.67681884765625,136.180419921875,53.14093017578125,284.1714782714844,144.232177734375,139.4490966796875,217.6985321044922,42.21271896362305,67.91761016845703
2022-02-15,168.9954071044922,147.1810760498047,138.17189025878906,53.342342376708984,289.440673828125,143.59190368652344,139.5203094482422,220.0944366455078,42.34507369995117,67.0662612915039
2022-02-16,168.76065063476562,147.09315490722656,138.42196655273438,53.333587646484375,289.1028747558594,143.88612365722656,140.5790252685547,221.06053161621094,42.080345153808594,67.37586975097656
2022-02-17,165.1712646484375,146.1958465576172,135.2337646484375,54.40201187133789,280.6372985839844,144.2754364013672,142.18931579589844,216.9932861328125,43.76634216308594,67.27268981933594
2022-02-18,163.62594604492188,144.6287841796875,135.86788940429688,54.76982116699219,277.9344482421875,145.10609436035156,142.26051330566406,215.1383819580078,43.48586654663086,66.52452087402344
2022-02-22,160.71139526367188,142.663330078125,135.626708984375,54.5421257019043,277.7317199707031,145.65980529785156,140.50782775878906,213.81483459472656,43.00054931640625,65.75057220458984
2022-02-23,156.5547637939453,142.7341766357422,132.78688049316406,53.93785858154297,270.5404052734375,144.22357177734375,138.75515747070312,208.626953125,42.55936050415039,66.01716613769531
2022-02-24,159.16612243652344,140.00735473632812,129.08961486816406,52.992042541503906,284.36334228515625,141.7144012451172,135.01844787597656,209.93116760253906,42.3954963684082,65.18302917480469
2022-02-25,161.22975158691406,146.96609497070312,132.14382934570312,55.04130935668945,286.9888916015625,145.685791015625,140.78367614746094,211.83438110351562,42.97849655151367,66.93730163574219
2022-02-28,161.4938507080078,145.70005798339844,126.63378143310547,54.507102966308594,288.41754150390625,141.67112731933594,138.69288635253906,208.7912139892578,42.59402084350586,67.43605041503906
2022-03-01,159.6160125732422,145.19540405273438,121.85595703125,54.27065658569336,284.71075439453125,140.39926147460938,136.3975067138672,201.8836212158203,42.85559844970703,68.08099365234375
2022-03-02,162.9022216796875,147.00149536132812,124.3832778930664,54.67349624633789,289.7689514160156,142.34600830078125,136.82452392578125,201.41026306152344,42.90916061401367,69.25051879882812
2022-03-03,162.57943725585938,149.1616973876953,123.49913024902344,54.70852279663086,285.6471252441406,142.19361877441406,137.3316650390625,200.2026824951172,43.89554214477539,69.6890869140625
2022-03-04,159.58665466308594,150.0470428466797,120.02522277832031,54.79610061645508,279.7974853515625,144.3534698486328,138.02565002441406,193.4979705810547,45.00798797607422,72.31188201904297
2022-03-07,155.80165100097656,152.4640350341797,115.39030456542969,53.49122619628906,269.2275695800781,141.47947692871094,135.97933959960938,184.23318481445312,44.645572662353516,74.91748809814453
2022-03-08,153.9824981689453,149.3742218017578,114.57766723632812,51.37189483642578,266.27386474609375,137.49066162109375,130.5967254638672,185.20895385742188,43.72222137451172,75.48503875732422
2022-03-09,159.3714599609375,149.94081115722656,119.16790008544922,51.634613037109375,278.4847412109375,137.0813446044922,132.35830688476562,192.98597717285156,43.949127197265625,71.19396209716797
2022-03-10,155.03880310058594,150.20643615722656,117.75689697265625,50.68880081176758,275.6757507324219,134.56442260742188,128.9508819580078,191.25665283203125,44.94810104370117,73.40399169921875
2022-03-11,151.33197021484375,149.93197631835938,115.10456085205078,50.72382736206055,270.3473205566406,133.88510131835938,127.42059326171875,190.03936767578125,44.77162551879883,73.02562713623047
2022-03-14,147.312255859375,152.003662109375,116.24766540527344,51.659236907958984,266.8433837890625,135.76626586914062,129.04872131347656,193.53663635253906,45.395606994628906,70.41141510009766
2022-03-15,151.68406677246094,155.9434051513672,118.31057739257812,52.612300872802734,277.18157958984375,138.4748077392578,133.69285583496094,199.14962768554688,45.940792083740234,66.40412902832031
2022-03-16,156.08523559570312,154.50917053222656,123.59735870361328,52.471099853515625,284.1702575683594,139.08444213867188,133.23912048339844,204.68533325195312,45.80528259277344,66.15473937988281
2022-03-17,157.09268188476562,156.5277557373047,125.16024780273438,53.02705383300781,284.97137451171875,140.1643829345703,133.6572723388672,206.21176147460938,45.87488555908203,67.91761016845703
2022-03-18,160.3788604736328,154.79248046875,125.11559295654297,53.03588104248047,290.0006103515625,141.77554321289062,133.58607482910156,211.6798095703125,46.01091384887695,67.65105438232422
2022-03-21,161.7481231689453,155.66896057128906,124.71367645263672,53.459449768066406,288.7746276855469,141.5752716064453,134.09320068359375,209.6800079345703,45.62812423706055,70.68660736083984
2022-03-22,165.11256408691406,154.93414306640625,127.36605834960938,53.65359878540039,293.5045471191406,143.12547302246094,135.12525939941406,211.06149291992188,45.492088317871094,70.37702941894531
2022-03-23,166.4720458984375,154.3497772216797,124.82980346679688,53.30061340332031,289.0931701660156,142.37648010253906,134.1821746826172,207.40003967285156,44.906822204589844,71.48634338378906
2022-03-24,170.24728393554688,155.14662170410156,125.64248657226562,53.81243896484375,293.5431213378906,143.2386932373047,134.41351318359375,209.9408416748047,45.185218811035156,71.70132446289062
2022-03-25,170.88299560546875,156.6339874267578,126.74089050292969,54.29780197143555,293.1376953125,143.90928649902344,135.97039794921875,211.02285766601562,45.3813591003418,73.26640319824219
2022-03-28,171.74366760253906,157.43963623046875,125.80317687988281,54.64195251464844,299.9140625,144.33604431152344,136.90463256835938,213.2834930419922,46.18807601928711,71.21117401123047
2022-03-29,175.02989196777344,157.35997009277344,126.080078125,54.853736877441406,304.46051025390625,146.47850036621094,138.31031799316406,220.38426208496094,46.57719421386719,70.83280181884766
2022-03-30,173.86602783203125,158.99778747558594,125.50849151611328,54.89786911010742,302.96429443359375,146.27816772460938,137.3583526611328,216.35568237304688,47.41237258911133,72.04530334472656
2022-03-31,170.77540588378906,156.90843200683594,121.7398681640625,54.712554931640625,297.6070251464844,145.77304077148438,135.94378662109375,214.2495880126953,47.11183547973633,71.02197265625
2022-04-01,170.4819793701172,157.75836181640625,120.837890625,55.480289459228516,298.6784362792969,147.8458251953125,137.9811248779297,218.68394470214844,47.77302169799805,71.47777557373047
2022-04-04,174.52130126953125,156.23558044433594,121.37373352050781,55.18907928466797,304.0357971191406,147.46263122558594,137.08255004882812,220.0171661376953,47.78252029418945,71.51215362548828
2022-04-05,171.21554565429688,157.2448272705078,119.96125793457031,55.12730407714844,300.08782958984375,147.61936950683594,137.56295776367188,218.423095703125,47.918548583984375,71.14237213134766
2022-04-06,168.0564727783203,161.33509826660156,118.29685974121094,55.683258056640625,289.1028747558594,150.13632202148438,139.5292205810547,211.5831756591797,49.03211212158203,71.93351745605469
2022-04-07,168.35968017578125,160.91897583007812,117.93699645996094,55.98329544067383,290.90789794921875,150.275634765625,141.3352508544922,208.82017517089844,49.522464752197266,73.13743591308594
2022-04-08,166.35464477539062,161.2377471923828,120.09620666503906,56.32746124267578,286.6606750488281,150.78077697753906,142.43846130371094,209.6220245361328,49.79771041870117,74.67670440673828
2022-04-11,162.1099853515625,159.2191619873047,119.65536499023438,56.30980682373047,275.3572082519531,150.31919860839844,141.895751953125,207.46762084960938,48.8106689453125,72.10550689697266
2022-04-12,163.97805786132812,159.2722625732422,118.34185028076172,56.97164535522461,272.2682800292969,150.9288330078125,141.4686737060547,204.2312469482422,48.4753303527832,73.61038208007812
2022-04-13,166.65785217285156,159.9451446533203,114.52727508544922,57.121665954589844,277.6352233886719,150.66757202148438,141.86907958984375,206.03787231445312,49.73759460449219,74.65091705322266
2022-04-14,161.66006469726562,159.2722625732422,113.46568298339844,57.3775749206543,270.1156005859375,149.70957946777344,141.0772247314453,205.5741424560547,49.693302154541016,75.52803802490234
2022-04-18,161.44491577148438,157.28912353515625,115.57089233398438,56.865753173828125,270.78173828125,148.42063903808594,139.7338104248047,205.9412078857422,49.31367874145508,76.1471939086914
2022-04-19,163.7237548828125,162.0876922607422,117.96398162841797,57.42171096801758,275.3957824707031,150.5804443359375,141.82460021972656,208.38543701171875,49.87362289428711,75.46784210205078
2022-04-20,163.5574951171875,162.8047637939453,118.37783813476562,58.20709228515625,276.41900634765625,152.81875610351562,145.59681701660156,210.4045867919922,50.50001525878906,75.63983917236328
2022-04-21,162.7653045654297,162.33555603027344,117.46017456054688,58.42770767211914,271.06170654296875,152.27008056640625,145.48324584960938,209.11000061035156,50.57593536376953,74.8401107788086
2022-04-22,158.23696899414062,160.72422790527344,114.08645629882812,57.58055114746094,264.5170593261719,149.92726135253906,144.26646423339844,201.11077880859375,49.62370681762695,73.2061996459961
2022-04-25,159.30300903320312,164.6816864013672,114.05045318603516,58.1894416809082,270.9748229980469,151.31202697753906,145.4295196533203,202.8303985595703,49.649017333984375,70.73819732666016
2022-04-26,153.3565673828125,163.50418090820312,110.67671203613281,57.404048919677734,260.83929443359375,150.9288330078125,142.96023559570312,194.2805633544922,49.13019561767578,70.76399993896484
2022-04-27,153.13160705566406,161.22003173828125,109.23725128173828,57.85409927368164,273.38800048828125,152.27871704101562,142.57553100585938,206.8493194580078,48.79486083984375,72.78484344482422
2022-04-28,160.0463104248047,162.42408752441406,110.96459197998047,58.41007614135742,279.57550048828125,154.58665466308594,146.19891357421875,213.17724609375,49.418067932128906,74.98628234863281
2022-04-29,154.18785095214844,159.76808166503906,107.38394165039062,57.01577377319336,267.88580322265625,149.54408264160156,143.64019775390625,205.90261840820312,48.3994026184082,73.30940246582031
2022-05-02,154.49107360839844,158.1567840576172,108.36455535888672,55.98329544067383,274.5946044921875,146.10400390625,141.69873046875,204.35682678222656,48.07988739013672,74.30694580078125
2022-05-03,155.97767639160156,157.8468780517578,110.68570709228516,55.66559982299805,271.99798583984375,146.30429077148438,139.7572784423828,201.48751831054688,48.247554779052734,75.83761596679688
2022-05-04,162.3740692138672,159.53787231445312,114.34735107421875,57.38640594482422,279.9133605957031,151.41656494140625,140.78616333007812,207.24545288085938,48.915069580078125,78.8559799194336
2022-05-05,153.32720947265625,156.4923095703125,111.48641204833984,56.927528381347656,267.72174072265625,148.39450073242188,138.1916046142578,198.2801513671875,48.495967864990234,77.66067504882812
2022-05-06,154.05203247070312,156.14703369140625,111.30648803710938,57.130496978759766,265.1927490234375,148.41189575195312,139.5693817138672,195.94219970703125,47.486289978027344,78.84737396240234
2022-05-09,148.9391326904297,156.99693298339844,109.6330795288086,57.01577377319336,255.39512634277344,149.53536987304688,139.22047424316406,186.45521545410156,48.04191970825195,72.63005065917969
2022-05-10,151.3388671875,156.78448486328125,106.96109771728516,56.48629379272461,260.14422607421875,149.35247802734375,138.48683166503906,187.01553344726562,47.36563491821289,73.11160278320312
2022-05-11,143.49325561523438,155.9345703125,106.2863540649414,56.75102233886719,251.50497436523438,148.629638671875,136.53648376464844,190.04905700683594,46.87033462524414,74.63371276855469
2022-05-12,139.63412475585938,157.4750518798828,106.1963882446289,56.927528381347656,246.48553466796875,148.40316772460938,135.9817352294922,187.750244140625,46.82588195800781,74.97252655029297
2022-05-13,144.09072875976562,156.57200622558594,107.14102935791016,57.99531555175781,252.05517578125,151.2946319580078,137.44007873535156,192.841552734375,47.00685501098633,77.1965103149414
2022-05-16,142.55296325683594,157.66099548339844,106.39432525634766,58.20709228515625,252.42202758789062,152.81875610351562,138.78207397460938,191.4670867919922,47.057655334472656,79.01216888427734
2022-05-17,146.17701721191406,158.31613159179688,109.9209976196289,58.048248291015625,257.5572814941406,151.93907165527344,138.38844299316406,197.45860290527344,41.70449447631836,80.01990509033203
2022-05-18,137.9298095703125,155.37681579589844,108.04067993164062,54.006587982177734,245.83082580566406,142.52455139160156,129.7637481689453,193.57717895507812,38.87232971191406,78.75154876708984
2022-05-19,134.53103637695312,153.99566650390625,106.43929290771484,52.947635650634766,244.9213409423828,140.3907928466797,126.77552032470703,191.0412139892578,37.80550765991211,79.17723083496094
2022-05-20,134.76611328125,156.68707275390625,105.56661224365234,53.81243896484375,244.36016845703125,141.27044677734375,126.85604095458984,192.64796447753906,37.8467903137207,79.80271911621094
2022-05-23,140.17282104492188,159.8858642578125,112.09819030761719,55.471466064453125,252.1875,144.2228240966797,129.77272033691406,200.90443420410156,38.92631530761719,81.56627655029297
2022-05-24,137.47927856445312,161.6322784423828,113.68159484863281,56.495113372802734,251.19094848632812,146.15626525878906,132.08096313476562,196.13253784179688,39.41209411621094,82.00933837890625
2022-05-25,137.6360321044922,160.04624938964844,114.47330474853516,56.53923797607422,253.99684143066406,147.1577911376953,129.91586303710938,197.30372619628906,39.17079162597656,83.65994262695312
2022-05-26,140.82908630371094,159.9037322998047,116.45256805419922,56.742210388183594,257.2669982910156,148.15060424804688,131.0520782470703,201.86270141601562,40.005836486816406,83.95530700683594
2022-05-27,146.56878662109375,161.3560791015625,118.09895324707031,57.07754898071289,264.3687744140625,149.59637451171875,133.05615234375,206.05384826660156,40.79325485229492,84.7806167602539
2022-05-31,145.78521728515625,159.96609497070312,118.96261596679688,55.93035125732422,263.043212890625,146.0952911376953,132.3046417236328,205.36660766601562,40.840877532958984,83.39933013916016
2022-06-01,145.65789794921875,158.34442138671875,116.87540435791016,55.65678405761719,263.5754089355469,144.99794006347656,130.3005828857422,203.19845581054688,39.83120346069336,84.99781036376953
2022-06-02,148.1065673828125,157.84542846679688,118.75569915771484,56.23921585083008,265.6652526855469,146.17306518554688,131.70521545410156,208.154296875,40.48527526855469,84.85012817382812
2022-06-03,142.396240234375,157.1949920654297,117.1003189086914,55.56853485107422,261.2532958984375,144.5682373046875,130.52423095703125,205.83120727539062,39.78993606567383,86.08374786376953
2022-06-06,143.1406707763672,157.1771697998047,116.71347045898438,55.480289459228516,260.0245666503906,145.17335510253906,130.01426696777344,206.1119384765625,39.64704895019531,85.86654663085938
2022-06-07,145.65789794921875,158.90574645996094,117.01936340332031,55.81562042236328,263.65277099609375,146.06781005859375,131.463623046875,207.62191772460938,39.17079162597656,89.80196380615234
2022-06-08,144.92330932617188,157.96127319335938,115.15705108642578,55.49794006347656,261.63067626953125,145.33995056152344,129.8263702392578,206.6539764404297,38.8310661315918,90.86182403564453
2022-06-09,139.71246337890625,154.78033447265625,112.73695373535156,54.53606414794922,256.1930847167969,142.7528839111328,127.48233795166016,199.5009307861328,38.42465591430664,88.89845275878906
2022-06-10,134.31558227539062,153.74671936035156,107.55488586425781,54.191898345947266,244.77622985839844,142.52488708496094,126.99919128417969,193.11257934570312,38.64055633544922,87.27391052246094
2022-06-13,129.17330932617188,152.19635009765625,104.3520736694336,54.130123138427734,234.3945770263672,140.08692932128906,123.59942626953125,186.09503173828125,37.91346740722656,83.26900482177734
2022-06-14,130.03521728515625,149.86184692382812,102.61572265625,52.6457633972168,236.5522003173828,136.91229248046875,119.74337005615234,187.3146514892578,37.929344177246094,83.4861831665039
2022-06-15,132.65042114257812,151.46568298339844,103.83026885986328,53.03685760498047,243.58616638183594,138.37681579589844,118.55345916748047,189.86997985839844,37.9039421081543,82.43502807617188
2022-06-16,127.39065551757812,151.5458526611328,102.04893493652344,52.5035514831543,237.0166015625,137.7103271484375,119.27815246582031,182.98794555664062,38.297645568847656,79.3944091796875
2022-06-17,128.85987854003906,150.99342346191406,101.6890640258789,52.82353591918945,239.6095428466797,137.73663330078125,118.41928100585938,183.91717529296875,37.557865142822266,74.81612396240234
2022-06-21,133.0814208984375,154.15658569335938,104.20811462402344,53.952362060546875,245.50186157226562,140.93759155273438,122.0069351196289,188.15673828125,38.78977966308594,79.47260284423828
2022-06-22,132.5720977783203,156.5890655517578,103.62332916259766,54.35233688354492,244.9116668701172,142.0951690673828,123.91256713867188,187.6050567626953,38.31987380981445,76.32775115966797
2022-06-23,135.43215942382812,160.08192443847656,102.48978424072266,55.001182556152344,250.4556427001953,143.91050720214844,127.3123550415039,190.3345947265625,39.25017166137695,74.02559661865234
2022-06-24,138.75259399414062,162.42530822753906,105.54861450195312,56.032230377197266,259.00860595703125,145.6907196044922,129.1464385986328,198.920166015625,39.281925201416016,75.49375915527344
2022-06-27,138.75259399414062,162.2738494873047,104.70294189453125,55.916683197021484,256.2898864746094,145.88369750976562,128.16229248046875,197.03274536132812,39.40892028808594,77.34418487548828
2022-06-28,134.61924743652344,157.6583251953125,104.19913482666016,55.356712341308594,248.1529083251953,143.83155822753906,126.07769012451172,191.76715087890625,38.8532829284668,79.48997497558594
2022-06-29,136.37245178222656,157.70289611816406,103.73131561279297,55.75669860839844,251.81016540527344,146.21693420410156,127.22285461425781,193.10292053222656,38.710411071777344,76.55364227294922
2022-06-30,133.9140167236328,158.1662139892578,101.31120300292969,55.916683197021484,248.49154663085938,146.15553283691406,128.64540100097656,190.5766143798828,38.60245895385742,74.3991470336914
2022-07-01,136.07861328125,159.9571990966797,102.60671997070312,57.223270416259766,251.15220642089844,148.54965209960938,130.72105407714844,192.7931365966797,38.93583297729492,76.0584487915039
2022-07-05,138.6546173095703,158.72755432128906,102.21644592285156,56.24555587768555,254.31610107421875,148.2164306640625,129.45957946777344,194.10955810546875,39.4501953125,73.67809295654297
2022-07-06,139.9867401123047,158.8701171875,101.55387115478516,56.361106872558594,257.5669860839844,149.69850158691406,130.6674041748047,194.6709747314453,39.729610443115234,72.34891510009766
2022-07-07,143.3463134765625,159.04832458496094,104.12246704101562,55.916683197021484,259.6859130859375,149.4003143310547,130.6226348876953,196.29708862304688,39.78993606567383,74.65977478027344
2022-07-08,144.02215576171875,158.852294921875,103.79572296142578,56.121124267578125,258.96990966796875,150.7333221435547,129.745849609375,197.04238891601562,39.815330505371094,74.78138732910156
2022-07-11,141.89669799804688,158.91465759277344,102.43428039550781,55.943355560302734,255.9221954345703,149.49679565429688,130.65841674804688,198.484619140625,39.83120346069336,74.3991470336914
2022-07-12,142.86642456054688,156.6870880126953,102.53411865234375,55.703369140625,245.43414306640625,148.64613342285156,129.50430297851562,198.2523193359375,39.710548400878906,73.40876770019531
2022-07-13,142.50396728515625,156.32174682617188,101.57205200195312,55.44560241699219,244.5149688720703,149.1723175048828,130.35421752929688,197.60379028320312,39.80580139160156,73.70416259765625
2022-07-14,145.42279052734375,156.5355987548828,98.02322387695312,55.2678337097168,245.83082580566406,149.9440155029297,129.9695587158203,199.307373046875,40.58369827270508,72.227294921875
2022-07-15,147.08792114257812,158.80775451660156,102.51596069335938,55.55226135253906,248.38516235351562,150.06683349609375,129.79058837890625,203.30491638183594,40.98057556152344,73.44352722167969
2022-07-18,144.05154418945312,155.24365234375,101.46312713623047,54.796756744384766,245.99530029296875,147.5586700439453,128.21595764160156,200.565673828125,40.88532638549805,74.79875946044922
2022-07-19,147.90089416503906,152.98043823242188,103.97723388671875,55.57892608642578,251.1038818359375,149.13720703125,128.8690643310547,206.80885314941406,41.136165618896484,76.68394470214844
2022-07-20,149.8990020751953,152.10723876953125,103.9590835571289,54.663429260253906,253.75491333007812,147.5586700439453,126.64131164550781,206.5281524658203,41.479061126708984,77.52660369873047
2022-07-21,152.16162109375,152.64183044433594,104.66703033447266,54.53898239135742,256.2414855957031,147.77792358398438,126.7611083984375,209.25772094726562,42.08549880981445,76.23219299316406
2022-07-22,150.92745971679688,153.3635711669922,104.15876007080078,54.74342727661133,251.90695190429688,148.74256896972656,128.7871551513672,206.84756469726562,41.977542877197266,75.65015411376953
2022-07-25,149.81085205078125,153.66651916503906,104.5762710571289,55.27671813964844,250.4265899658203,148.9530792236328,129.6606903076172,207.3992919921875,41.91722869873047,78.16950225830078
2022-07-26,148.48858642578125,154.75357055664062,102.94253540039062,56.18333435058594,243.7216033935547,150.68946838378906,129.9127960205078,205.67637634277344,38.72945785522461,77.86542510986328
2022-07-27,153.5720672607422,154.32586669921875,104.59440612792969,56.00556945800781,260.014892578125,150.47900390625,131.14646911621094,203.72116088867188,40.19316482543945,79.55078125
2022-07-28,154.12060546875,155.21690368652344,104.20413970947266,56.938846588134766,267.43585205078125,153.3291778564453,133.32562255859375,204.5729522705078,41.19648742675781,80.4803466796875
2022-07-29,159.17466735839844,155.5020294189453,104.70333099365234,57.036617279052734,271.625244140625,153.43438720703125,125.0862045288086,205.30856323242188,41.9267463684082,84.20726013183594
2022-08-01,158.1951446533203,154.95851135253906,103.65956115722656,57.347713470458984,268.98394775390625,155.17953491210938,128.67913818359375,204.58258056640625,42.082332611083984,82.0788345336914
2022-08-02,156.72598266601562,154.07640075683594,102.04399871826172,56.56553649902344,265.8974609375,153.899169921875,127.82364654541016,199.6461181640625,42.12677764892578,81.72266387939453
2022-08-03,162.7203826904297,155.5643768310547,103.114990234375,56.81441116333008,273.2991027832031,155.0742950439453,130.46206665039062,201.794921875,41.43461608886719,79.07299041748047
2022-08-04,162.40696716308594,153.0695037841797,101.98045349121094,56.59219741821289,274.4407958984375,154.23239135742188,130.25497436523438,206.62493896484375,39.86931610107422,75.7457046508789
2022-08-05,162.18138122558594,152.46363830566406,105.06639099121094,56.33444595336914,273.72479248046875,153.0748291015625,130.3179931640625,208.94796752929688,40.18998718261719,76.84031677246094
2022-08-08,161.71054077148438,151.6527862548828,103.78662109375,55.97002029418945,271.2188720703125,152.4609375,130.8132781982422,206.479736328125,40.51702117919922,77.27467346191406
2022-08-09,161.75955200195312,151.63494873046875,104.72148895263672,56.0411262512207,273.13458251953125,153.03097534179688,130.5071258544922,203.5178680419922,40.91707229614258,78.69940948486328
2022-08-10,165.99681091308594,152.0715789794922,107.45342254638672,56.57442855834961,279.7718811035156,154.29379272460938,131.7407989501953,205.29888916015625,41.00279998779297,79.44654846191406
2022-08-11,165.2611846923828,148.92626953125,109.04176330566406,56.192230224609375,277.7013854980469,153.5045166015625,130.80429077148438,204.6734619140625,41.398231506347656,81.74476623535156
2022-08-12,168.80198669433594,147.2867431640625,110.84793853759766,56.618865966796875,282.4326171875,155.51278686523438,132.07395935058594,204.9158172607422,42.16356658935547,82.45529174804688
2022-08-15,169.87109375,147.9906768798828,111.14744567871094,57.3299446105957,283.9419860839844,157.2228546142578,133.77584838867188,209.85134887695312,42.28474044799805,80.98162078857422
2022-08-16,169.71417236328125,149.3094024658203,112.20935821533203,57.80101776123047,283.2065734863281,158.13490295410156,135.009521484375,210.54949951171875,44.44362258911133,80.22723388671875
2022-08-17,171.2050323486328,149.31829833984375,111.26542663574219,57.667694091796875,282.4600524902344,158.04722595214844,134.3882293701172,208.00904846191406,44.491458892822266,80.8763427734375
2022-08-18,170.81268310546875,148.5966033935547,110.40320587158203,57.96989059448242,281.34503173828125,158.20506286621094,134.86546325683594,208.71685791015625,44.34794998168945,82.78861236572266
2022-08-19,168.23309326171875,150.8597869873047,107.67125701904297,57.92545700073242,277.447265625,158.00338745117188,134.82943725585938,206.3606414794922,43.69422912597656,82.52545928955078
2022-08-22,164.35882568359375,150.33056640625,105.8923110961914,57.063289642333984,269.302734375,156.49496459960938,134.46923828125,202.27842712402344,42.91295623779297,82.46405792236328
2022-08-23,164.0253143310547,149.02093505859375,104.84854888916016,57.12549591064453,268.03265380859375,156.42481994628906,131.87582397460938,200.52334594726562,42.7311897277832,85.96401977539062
2022-08-24,164.31956481933594,148.5275421142578,105.10269165039062,57.205501556396484,267.4023742675781,157.205322265625,131.30857849121094,200.39730834960938,43.04051208496094,86.47278594970703
2022-08-25,166.7716522216797,149.91790771484375,107.5986557006836,57.481048583984375,270.3692932128906,157.21409606933594,131.20045471191406,203.45169067382812,43.3275032043457,86.92015838623047
2022-08-26,160.4844970703125,147.35244750976562,104.07706451416016,56.09445571899414,259.93658447265625,153.5045166015625,128.12982177734375,196.73202514648438,41.96585464477539,85.84998321533203
2022-08-29,158.28741455078125,146.21324157714844,103.82295227050781,55.75669860839844,257.1635437011719,153.022216796875,127.58954620361328,196.18905639648438,42.374027252197266,87.82364654541016
2022-08-30,155.86476135253906,145.70193481445312,103.8410873413086,55.24116897583008,254.9722442626953,151.7067413330078,126.22978210449219,195.26783752441406,42.24646759033203,84.48157501220703
2022-08-31,154.20713806152344,144.72422790527344,103.22390747070312,54.85007858276367,253.51788330078125,151.07533264160156,124.2127456665039,192.67889404296875,42.268795013427734,83.85000610351562
2022-09-01,154.9329376220703,148.31228637695312,103.9318618774414,55.107852935791016,252.4804229736328,152.60267639160156,125.74356079101562,194.05580139160156,42.88426208496094,82.34124755859375
2022-09-02,152.8241729736328,145.9800567626953,103.20574188232422,54.35233688354492,248.2724151611328,150.66921997070312,123.51034545898438,191.75770568847656,42.412296295166016,83.85000610351562
2022-09-06,151.56869506835938,146.3747100830078,103.23297119140625,54.37900161743164,245.5478515625,149.6539306640625,122.13264465332031,192.61099243164062,42.20182800292969,83.28861236572266
2022-09-07,152.9713134765625,147.17306518554688,105.19344329833984,55.38338088989258,250.24066162109375,152.95584106445312,123.97860717773438,194.3369903564453,43.28604507446289,82.57809448242188
2022-09-08,151.50003051757812,148.3571014404297,107.64401245117188,55.21450424194336,250.65762329101562,152.4437255859375,124.14067077636719,194.6182098388672,43.50608825683594,83.2535171508789
2022-09-09,154.35426330566406,148.6441650390625,108.16136932373047,55.39228057861328,256.4169616699219,152.92933654785156,126.03170013427734,198.97193908691406,43.636837005615234,84.64823150634766
2022-09-12,160.29812622070312,148.58139038085938,109.44112396240234,55.55226135253906,258.5402526855469,153.52967834472656,127.05827331542969,200.35850524902344,44.0290641784668,85.62191009521484
2022-09-13,150.8919219970703,144.7152557373047,105.63818359375,53.74791717529297,244.32618713378906,147.79989624023438,124.42882537841797,193.60975646972656,43.1202278137207,83.6219482421875
2022-09-14,152.33375549316406,147.7023162841797,105.39313507080078,54.032344818115234,244.54922485351562,148.92115783691406,124.72599029541016,193.35765075683594,43.024559020996094,85.674560546875
2022-09-15,149.45008850097656,148.0790557861328,106.98146057128906,53.298194885253906,237.91726684570312,146.4491424560547,123.76252746582031,189.4402618408203,42.562171936035156,83.183349609375
2022-09-16,147.81210327148438,150.33950805664062,106.26444244384766,53.30714416503906,237.2967071533203,147.41146850585938,124.51890563964844,187.43307495117188,42.47288131713867,81.76229858398438
2022-09-19,151.51963806152344,149.1554718017578,107.24467468261719,53.71004104614258,237.0833740234375,148.96527099609375,124.25777435302734,187.26821899414062,42.836421966552734,81.7535400390625
2022-09-20,153.8932647705078,147.98037719726562,105.1299057006836,53.62946701049805,235.0763397216797,149.13304138183594,123.81649017333984,186.24041748046875,42.58768844604492,81.0868911743164
2022-09-21,150.77423095703125,146.46441650390625,102.09844970703125,53.181800842285156,231.68276977539062,148.70925903320312,122.22264099121094,181.3437042236328,42.97673034667969,79.77986907958984
2022-09-22,149.81298828125,149.0657501220703,100.93669128417969,53.056461334228516,233.65103149414062,148.8505096435547,122.6548843383789,180.15101623535156,42.53666305541992,79.446533203125
2022-09-23,147.54725646972656,149.55014038085938,99.05792236328125,52.465553283691406,230.6841278076172,148.77989196777344,122.08760070800781,178.37657165527344,41.474761962890625,75.21851348876953
2022-09-26,147.8807373046875,148.6351776123047,96.9250259399414,51.81196594238281,230.2283935546875,148.7180938720703,122.20463562011719,175.10885620117188,41.873374938964844,73.66590881347656
2022-09-27,148.85177612304688,147.9534454345703,96.07183074951172,50.477943420410156,229.22003173828125,146.5638885498047,118.8458480834961,172.4713897705078,41.75857162475586,75.20973205566406
2022-09-28,146.9685821533203,149.2272491455078,98.01416015625,51.015132904052734,233.7383270263672,148.91229248046875,118.8458480834961,173.74163818359375,42.4473762512207,77.94657135009766
2022-09-29,139.74960327148438,147.5856475830078,96.35320281982422,50.648048400878906,230.27687072753906,147.0935821533203,115.89227294921875,174.59494018554688,42.17313003540039,77.7886734008789
2022-09-30,135.55162048339844,146.53619384765625,94.84654998779297,50.15562438964844,225.81678771972656,144.1360321044922,113.68608093261719,172.25808715820312,41.359962463378906,76.58692932128906
2022-10-03,139.7201690673828,146.39268493652344,97.77816009521484,50.71967697143555,233.41836547851562,145.89292907714844,115.7211685180664,176.13668823242188,42.262413024902344,80.6307373046875
2022-10-04,143.30023193359375,148.5634002685547,102.35259246826172,50.83606719970703,241.31077575683594,147.53504943847656,117.15293884277344,180.01531982421875,42.8109016418457,83.56929779052734
2022-10-05,143.594482421875,148.10594177246094,101.0888671875,50.352596282958984,241.6210174560547,146.55506896972656,116.34249114990234,181.97398376464844,42.386783599853516,86.94646453857422
2022-10-06,142.64308166503906,145.23553466796875,99.0284423828125,49.26926803588867,239.28431701660156,143.7299041748047,113.89319610595703,179.9570770263672,41.99136734008789,89.52538299560547
2022-10-07,137.40541076660156,143.70162963867188,97.05043029785156,48.80370330810547,227.11602783203125,142.6793212890625,111.90310668945312,178.2505645751953,40.996421813964844,88.62188720703125
2022-10-10,137.7290496826172,143.88999938964844,96.14385223388672,48.69626235961914,222.27780151367188,142.86471557617188,111.44386291503906,176.65060424804688,41.23878860473633,86.70085144042969
2022-10-11,136.31666564941406,145.97105407714844,93.36915588378906,48.7768440246582,218.55459594726562,143.5445098876953,111.86708068847656,173.70285034179688,42.30706024169922,85.96401977539062
2022-10-12,135.68898010253906,145.9351806640625,94.880126953125,49.367759704589844,218.88426208496094,149.54798889160156,112.04720306396484,172.83016967773438,41.8287239074707,86.34121704101562
2022-10-13,140.24986267089844,148.14181518554688,100.1548080444336,50.02133560180664,227.11602783203125,154.15652465820312,113.74009704589844,179.05532836914062,42.18270492553711,89.35873413085938
2022-10-14,135.72817993164062,147.5229034423828,101.82145690917969,49.22450637817383,221.60879516601562,150.25424194335938,112.63251495361328,177.0772247314453,41.59274673461914,87.00787353515625
2022-10-17,139.6809539794922,149.4335174560547,106.09799194335938,49.86017608642578,230.3059844970703,152.49668884277344,114.6676025390625,179.62742614746094,41.89250946044922,88.26224517822266
2022-10-18,140.99526977539062,148.91326904296875,108.82688903808594,50.53166961669922,231.2465057373047,154.55380249023438,115.59510040283203,181.48912048339844,42.77583694458008,88.4201431274414
2022-10-19,141.10317993164062,147.72918701171875,106.69319915771484,50.10191345214844,229.28790283203125,153.05291748046875,116.66667938232422,180.7522430419922,42.6546516418457,91.04290771484375
2022-10-20,140.64215087890625,148.10594177246094,106.34522247314453,49.31404113769531,228.96791076660156,151.37548828125,115.16397857666016,181.5376434326172,42.759891510009766,91.16572570800781
2022-10-21,144.44784545898438,151.33523559570312,111.93125915527344,50.10191345214844,234.75637817382812,152.7880859375,116.60591888427734,184.59202575683594,43.62407684326172,92.85868835449219
2022-10-24,146.5860137939453,153.3714141845703,112.0686264038086,51.543365478515625,239.73033142089844,156.86691284179688,117.32235717773438,184.92173767089844,44.45637512207031,93.5077896118164
2022-10-25,149.42066955566406,153.12921142578125,112.36166381835938,52.778907775878906,243.03662109375,157.3877716064453,118.67359161376953,188.48031616210938,44.66684341430664,92.87622833251953
2022-10-26,146.48794555664062,154.47474670410156,113.65287017822266,53.17284393310547,224.2848663330078,158.0940704345703,119.50790405273438,197.1586456298828,45.008060455322266,93.98147583007812
2022-10-27,142.02516174316406,154.56443786621094,114.10157775878906,53.298194885253906,219.8538055419922,157.9263458251953,119.5986099243164,198.08953857421875,44.87731170654297,94.34113311767578
2022-10-28,152.75552368164062,156.86082458496094,115.4568862915039,54.39942932128906,228.69644165039062,160.8839111328125,122.62757110595703,202.9862518310547,45.44492721557617,97.10425567626953
2022-10-31,150.4014892578125,156.05348205566406,115.2737045288086,53.584693908691406,225.07017517089844,160.31007385253906,122.1287841796875,200.87240600585938,45.38753890991211,97.20074462890625
2022-11-01,147.76304626464844,155.26412963867188,117.35245513916016,53.39667892456055,221.23065185546875,159.58612060546875,122.31922149658203,200.64938354492188,45.183448791503906,98.1656494140625
2022-11-02,142.25076293945312,152.87806701660156,116.27188110351562,52.6535758972168,213.40606689453125,157.36129760742188,120.55989837646484,194.8509063720703,44.883689880371094,96.14811706542969
2022-11-03,136.21861267089844,153.13819885253906,116.48251342773438,52.626708984375,207.7340087890625,156.95516967773438,119.73462677001953,188.83908081054688,44.874122619628906,97.45512390136719
2022-11-04,135.95335388183594,153.81993103027344,119.6692886352539,53.056461334228516,214.6568145751953,157.83804321289062,121.92021942138672,191.00140380859375,44.95384216308594,98.51652526855469
2022-11-07,136.4838409423828,155.1654510498047,120.30115509033203,53.262386322021484,220.9397735595703,159.10055541992188,123.78836822509766,194.02671813964844,45.425804138183594,99.68315887451172
2022-11-08,137.05369567871094,155.93687438964844,120.37442016601562,53.360862731933594,221.9093475341797,159.54197692871094,124.0694808959961,195.65570068359375,45.53422164916992,99.99895477294922
2022-11-09,132.50489807128906,154.69003295898438,118.80848693847656,52.617759704589844,217.6819305419922,157.63497924804688,123.77022552490234,188.4642791748047,44.47551345825195,95.52532958984375
2022-11-10,144.29443359375,156.5019989013672,123.69857025146484,54.506874084472656,235.59022521972656,160.416015625,128.03253173828125,199.77622985839844,45.39710235595703,96.92881774902344
2022-11-11,147.0748291015625,151.81954956054688,123.90003204345703,54.90080642700195,239.5946044921875,157.19354248046875,127.84207153320312,199.22227478027344,45.46725845336914,99.95510864257812
2022-11-14,145.67971801757812,154.20565795898438,122.62715148925781,54.37256622314453,234.2037353515625,156.02818298339844,127.85115814208984,201.02987670898438,44.13111114501953,100.24689483642578
2022-11-15,147.4088592529297,154.6361846923828,121.7388687133789,54.283042907714844,234.6109161376953,156.43429565429688,127.40680694580078,204.07167053222656,47.017059326171875,100.9189224243164
2022-11-16,146.18075561523438,155.59605407714844,121.90370178222656,54.18456268310547,235.03871154785156,157.44076538085938,128.54039001464844,204.2174072265625,47.35508346557617,99.84014892578125
2022-11-17,148.07696533203125,156.85183715820312,121.37255096435547,54.354671478271484,234.99009704589844,158.94161987304688,127.75138854980469,205.04347229003906,47.195640563964844,99.97277069091797
2022-11-18,148.63693237304688,158.05381774902344,122.56304931640625,54.73965072631836,234.54283142089844,160.08934020996094,129.29310607910156,204.8588104248047,47.906761169433594,99.10621643066406
2022-11-21,145.41445922851562,158.8663787841797,121.839599609375,55.581260681152344,235.3499298095703,163.1705322265625,130.93455505371094,200.50511169433594,48.200138092041016,98.12471771240234
2022-11-22,147.54641723632812,159.63372802734375,123.66194915771484,55.82299041748047,238.24742126464844,163.18820190429688,132.05906677246094,204.40206909179688,48.37233352661133,100.96315002441406
2022-11-23,148.42079162597656,159.8052215576172,124.9805908203125,56.073673248291016,240.7268524169922,163.40005493164062,132.81173706054688,205.7625732421875,48.605133056640625,100.45912170410156
2022-11-25,145.51271057128906,160.01292419433594,125.21871948242188,56.12738800048828,240.63929748535156,162.54371643066406,133.05661010742188,207.76455688476562,48.812408447265625,100.10542297363281
2022-11-28,141.69090270996094,160.0941619873047,123.03008270263672,56.136348724365234,235.0679168701172,162.3495330810547,132.9477996826172,205.30584716796875,48.95271301269531,97.09899139404297
2022-11-29,138.69439697265625,158.97470092773438,125.0538558959961,55.93938446044922,233.677490234375,161.20175170898438,131.93209838867188,203.1678466796875,48.780521392822266,97.74447631835938
2022-11-30,145.43408203125,160.69903564453125,126.53738403320312,57.3549919128418,248.07754516601562,163.7797088623047,135.26942443847656,210.88412475585938,48.605133056640625,98.45187377929688
2022-12-01,145.70921325683594,161.36712646484375,124.76080322265625,57.51729965209961,247.63999938964844,165.14779663085938,135.35101318359375,210.88412475585938,48.9080696105957,97.97440338134766
2022-12-02,145.2179718017578,161.49349975585938,123.77182006835938,58.022220611572266,247.9608612060547,164.96124267578125,136.58433532714844,211.5254669189453,48.8602409362793,97.14320373535156
2022-12-05,144.05868530273438,161.4032440185547,120.30115509033203,57.228759765625,243.27426147460938,162.6781005859375,135.20590209960938,207.6576385498047,48.359580993652344,94.48161315917969
2022-12-06,140.4038848876953,158.98374938964844,120.50262451171875,57.20170974731445,238.3348846435547,161.35447692871094,135.3782196044922,203.18731689453125,47.79833984375,91.85541534423828
2022-12-07,138.4684600830078,159.94973754882812,120.42021179199219,57.29188537597656,237.60565185546875,161.84304809570312,136.24884033203125,201.95306396484375,47.54960632324219,91.65203857421875
2022-12-08,140.1484375,159.97679138183594,121.68394470214844,57.53533172607422,240.55177307128906,163.2644500732422,137.22825622558594,203.2067108154297,47.62322998046875,92.33289337158203
2022-12-09,139.66708374023438,158.65869140625,121.02458953857422,56.93120574951172,238.62661743164062,162.66036987304688,136.86549377441406,202.81802368164062,46.512508392333984,91.55477905273438
2022-12-12,141.95620727539062,160.55459594726562,122.90189361572266,57.679588317871094,245.52032470703125,163.43325805664062,138.27113342285156,208.54200744628906,47.37996292114258,93.8095932006836
2022-12-13,142.91900634765625,161.79144287109375,122.7828140258789,57.69762420654297,249.8082733154297,163.34437561035156,138.06256103515625,207.03567504882812,47.210304260253906,94.8353271484375
2022-12-14,140.69866943359375,162.2879638671875,122.1692886352539,57.69762420654297,250.09994506835938,162.89132690429688,138.606689453125,207.3077850341797,46.94783401489258,94.13676452636719
2022-12-15,134.10629272460938,160.2386016845703,119.1381607055664,56.90415954589844,242.11721801757812,160.12847900390625,137.03778076171875,202.0502471923828,46.52851867675781,93.23481750488281
2022-12-16,132.1511993408203,158.5955047607422,118.39640045166016,56.57956314086914,237.91680908203125,160.20849609375,136.43020629882812,201.0590057373047,45.69306945800781,92.58050537109375
2022-12-19,130.0487060546875,158.42398071289062,119.10152435302734,56.660709381103516,233.7941436767578,161.0968475341797,136.39389038085938,199.04739379882812,45.70907211303711,92.99608612060547
2022-12-20,129.97994995117188,158.5955047607422,119.6784439086914,56.615631103515625,235.10682678222656,160.99908447265625,136.44833374023438,199.57211303710938,46.10919189453125,94.34015655517578
2022-12-21,133.07472229003906,160.41015625,121.02458953857422,57.526309967041016,237.66400146484375,162.12733459472656,137.69981384277344,200.98126220703125,46.470890045166016,95.55156707763672
2022-12-22,129.91116333007812,159.8233184814453,119.65096282958984,57.11153793334961,231.5967254638672,160.87474060058594,138.01722717285156,199.28057861328125,45.92674255371094,93.6239013671875
2022-12-23,129.54769897460938,160.22959899902344,120.2187271118164,57.544342041015625,232.12181091308594,161.9141082763672,138.4071807861328,200.0288848876953,46.01957321166992,96.09979248046875
2022-12-27,127.749755859375,160.1844482421875,120.6399917602539,57.89599609375,230.4007568359375,162.63372802734375,139.61331176757812,200.4759063720703,46.032371520996094,97.43499755859375
2022-12-28,123.8297348022461,159.48928833007812,121.29933166503906,57.31892776489258,228.0380401611328,161.46109008789062,137.80868530273438,199.21255493164062,45.22574996948242,95.83451843261719
2022-12-29,127.33712768554688,160.3018341064453,121.99528503417969,57.66156005859375,234.33865356445312,161.66537475585938,138.3799591064453,202.19602966308594,45.50101852416992,96.5595932006836
2022-12-30,127.65151977539062,159.48025512695312,122.80113220214844,57.3549919128418,233.181640625,160.4927520751953,137.44590759277344,201.90451049804688,45.38578414916992,97.53227233886719
2023-01-03,122.87674713134766,160.8705596923828,123.73517608642578,56.759891510009766,232.94827270507812,159.38229370117188,137.45498657226562,201.54493713378906,45.965152740478516,94.18098449707031
2023-01-04,124.14410400390625,162.62203979492188,124.88903045654297,56.73283386230469,222.75836181640625,158.99139404296875,138.053466796875,206.61781311035156,46.01637268066406,94.4551010131836
2023-01-05,122.82762908935547,161.42127990722656,124.86133575439453,56.083648681640625,216.15631103515625,157.33013916015625,136.33949279785156,205.1601104736328,45.859519958496094,96.56844329833984
2023-01-06,127.34696960449219,162.73036193847656,127.2506332397461,57.16564178466797,218.7037811279297,160.88363647460938,139.58612060546875,211.61294555664062,46.9830322265625,97.73564147949219
2023-01-09,127.8676528930664,158.51426696777344,126.72480773925781,56.45331954956055,220.83319091796875,159.3112335205078,137.8811798095703,212.43898010253906,46.397274017333984,95.91410064697266
2023-01-10,128.43746948242188,158.13510131835938,127.85948944091797,56.02052307128906,222.5152587890625,157.9964141845703,137.7451629638672,214.85877990722656,46.36846923828125,97.34657287597656
2023-01-11,131.1490936279297,157.88232421875,128.80967712402344,55.91232681274414,229.24374389648438,158.17408752441406,136.62966918945312,215.84036254882812,46.774986267089844,98.47840881347656
2023-01-12,131.07049560546875,157.08782958984375,128.68055725097656,55.19099044799805,231.90785217285156,156.1575164794922,135.85885620117188,217.31748962402344,46.35246658325195,100.11426544189453
2023-01-13,132.39682006835938,156.57325744628906,131.92776489257812,55.38936233520508,232.60794067382812,155.67776489257812,136.82923889160156,216.7732696533203,46.506107330322266,100.05235290527344
2023-01-17,133.55615234375,155.6072540283203,129.8890380859375,55.614776611328125,233.69691467285156,156.40621948242188,136.43020629882812,216.7149658203125,46.224422454833984,99.85784149169922
2023-01-18,132.8389434814453,153.25997924804688,125.98680114746094,53.92866134643555,229.28262329101562,152.4618682861328,132.77549743652344,213.27474975585938,45.081703186035156,97.80638885498047
2023-01-19,132.89791870117188,153.05230712890625,124.30783081054688,53.84751892089844,225.50999450683594,150.6940460205078,129.96755981445312,214.1979522705078,44.438316345214844,98.43419647216797
2023-01-20,135.4522705078125,152.33909606933594,124.61227416992188,54.17211151123047,233.57052612304688,150.9161376953125,130.46946716308594,217.98806762695312,44.98567581176758,100.22921752929688
2023-01-23,138.635498046875,151.9508514404297,126.63257598876953,54.3073616027832,235.86521911621094,150.24093627929688,128.71730041503906,217.86167907714844,45.657867431640625,99.70751190185547
2023-01-24,140.0305633544922,151.9508514404297,127.72113037109375,54.595890045166016,235.3401336669922,151.6356964111328,129.4199981689453,217.5798797607422,45.77949523925781,100.63594818115234
2023-01-25,139.372314453125,153.03424072265625,128.33920288085938,54.938533782958984,233.94976806640625,152.7372589111328,129.3287353515625,218.56141662597656,45.561832427978516,100.10542297363281
2023-01-26,141.43548583984375,152.47451782226562,129.132568359375,54.8303337097168,241.13516235351562,151.2181854248047,128.8085479736328,218.3767852783203,45.52022933959961,104.12873840332031
2023-01-27,143.37094116210938,151.878662109375,129.4462432861328,54.54179382324219,241.29074096679688,150.68515014648438,128.27931213378906,224.91708374023438,45.86912536621094,102.22760772705078
2023-01-30,140.49234008789062,146.2541961669922,128.34844970703125,54.67704772949219,235.99163818359375,150.56076049804688,128.68080139160156,222.64305114746094,45.50101852416992,100.41490173339844
2023-01-31,141.75965881347656,147.5361785888672,129.11415100097656,55.29017639160156,240.95045471191406,151.92886352539062,129.9310302734375,223.7217559814453,46.05157470703125,102.58131408691406
2023-02-01,142.87973022460938,148.89036560058594,128.7727813720703,55.2991943359375,245.7537078857422,152.4085693359375,130.6702423095703,224.392333984375,46.30765151977539,101.45831298828125
2023-02-02,148.1751708984375,149.45013427734375,128.1731414794922,54.352439880371094,257.2756652832031,150.99607849121094,129.73936462402344,223.09010314941406,45.971553802490234,98.28388214111328
2023-02-03,151.79066467285156,148.6105194091797,130.1565399169922,53.946693420410156,251.19876098632812,150.24093627929688,130.14093017578125,223.64402770996094,45.36018753051758,98.96473693847656
2023-02-06,149.0692138671875,147.4820098876953,130.92221069335938,54.253265380859375,249.6624298095703,152.63958740234375,129.0366973876953,222.9734649658203,45.030479431152344,98.79674530029297
2023-02-07,151.93801879882812,147.51812744140625,132.51815795898438,54.1630859375,260.1537780761719,152.4085693359375,127.77738189697266,224.80050659179688,45.12651443481445,101.61748504638672
2023-02-08,149.2559051513672,147.7076873779297,131.58642578125,53.84751892089844,259.3467712402344,152.05325317382812,126.45414733886719,223.7120819091797,44.88325119018555,100.73324584960938
2023-02-09,148.2242889404297,145.7124786376953,129.53846740722656,53.75734329223633,256.3228454589844,153.49240112304688,125.0670394897461,223.32257080078125,45.29936218261719,101.11345672607422
2023-02-10,148.58836364746094,146.38961791992188,130.11041259765625,53.75734329223633,255.81729125976562,156.53060913085938,126.17124938964844,221.22906494140625,46.003562927246094,105.37553405761719
2023-02-13,151.38284301757812,146.93128967285156,131.52186584472656,54.64097595214844,263.8097229003906,157.92535400390625,127.82301330566406,222.86492919921875,46.70456314086914,104.96565246582031
2023-02-14,150.74325561523438,146.290283203125,132.10301208496094,53.73028564453125,264.63616943359375,156.1486053466797,127.10208129882812,223.36151123046875,46.57012176513672,103.7359848022461
2023-02-15,152.83908081054688,143.87982177734375,132.6565399169922,53.73028564453125,262.52093505859375,156.36180114746094,126.81007385253906,222.90386962890625,46.91582489013672,103.42411804199219
2023-02-16,151.24505615234375,142.85968017578125,130.82994079589844,53.39667510986328,255.53195190429688,155.91763305664062,125.14917755126953,219.89508056640625,46.17960739135742,103.12118530273438
2023-02-17,150.1036834716797,145.8421173095703,131.21742248535156,54.20817947387695,251.5452423095703,156.60166931152344,127.76825714111328,217.68470764160156,46.874210357666016,99.1559829711914
2023-02-21,146.09896850585938,143.66893005371094,128.80967712402344,53.91964340209961,246.29124450683594,156.5128173828125,127.677001953125,214.8219757080078,47.159088134765625,99.05797576904297
2023-02-22,146.5220184326172,143.46888732910156,127.82261657714844,54.081939697265625,245.16055297851562,156.4595489501953,128.2154083251953,214.2377471923828,46.17000961303711,97.77486419677734
2023-02-23,147.00418090820312,143.4234161376953,128.8465576171875,54.181121826171875,248.33827209472656,156.62835693359375,127.80475616455078,215.31858825683594,45.48181915283203,98.6748275756836
2023-02-24,144.35733032226562,141.82302856445312,130.0089569091797,53.955718994140625,242.92837524414062,156.31741333007812,127.08383178710938,213.7801055908203,45.603450775146484,98.6837387084961
2023-02-27,145.54791259765625,141.51390075683594,131.1436309814453,53.937679290771484,243.84461975097656,156.27296447753906,126.97429656982422,214.55911254882812,45.27375030517578,98.50552368164062
2023-02-28,145.04608154296875,139.35888671875,132.2414093017578,53.658164978027344,243.12332153320312,154.15867614746094,125.532470703125,214.15985107421875,45.49462127685547,97.93527221679688
2023-03-01,142.97979736328125,138.73146057128906,131.50340270996094,53.07207489013672,240.05284118652344,152.2042694091797,125.62372589111328,212.62136840820312,44.860836029052734,98.80847930908203
2023-03-02,143.57015991210938,138.622314453125,130.1381072998047,53.84751892089844,244.77066040039062,155.0126190185547,127.69524383544922,213.302978515625,44.972869873046875,99.26293182373047
2023-03-03,148.60806274414062,140.04994201660156,132.5273895263672,53.59504699707031,248.84512329101562,154.8605194091797,128.62603759765625,217.8892059326172,45.027286529541016,100.51931762695312
2023-03-06,151.3631591796875,141.45022583007812,131.7524871826172,54.42458724975586,250.38523864746094,155.17356872558594,128.07855224609375,220.79087829589844,45.0208854675293,101.41033935546875
2023-03-07,149.16893005371094,140.11355590820312,127.8779525756836,54.10899353027344,247.73387145996094,154.40443420410156,125.532470703125,217.3049774169922,44.572750091552734,99.45002746582031
2023-03-08,150.4185333251953,139.08609008789062,127.12149047851562,54.13604736328125,247.29527282714844,154.82476806640625,125.55070495605469,216.35072326660156,44.204647064208984,97.99764251708984
2023-03-09,148.17507934570312,137.52210998535156,120.23959350585938,53.613075256347656,245.95013427734375,153.6531219482422,124.62904357910156,214.2279815673828,43.90696334838867,97.24024963378906
2023-03-10,146.11863708496094,137.8585205078125,123.29308319091797,53.387657165527344,242.31427001953125,153.85882568359375,125.19481658935547,210.45970153808594,43.84294891357422,96.03732299804688
2023-03-13,148.0570526123047,139.17697143554688,121.07907104492188,53.92866134643555,247.50970458984375,155.36138916015625,126.06173706054688,208.8336181640625,43.970985412597656,94.93242645263672
2023-03-14,150.1430206298828,139.95896911621094,124.18791961669922,54.12702560424805,254.206298828125,155.20040893554688,127.62223815917969,212.91351318359375,44.204647064208984,95.2888412475586
2023-03-15,150.53663635253906,140.34999084472656,118.3207778930664,54.48768997192383,258.7389221191406,157.97296142578125,129.42909240722656,210.6836700439453,44.69758605957031,90.54847717285156
2023-03-16,153.3507537841797,140.05902099609375,120.61781311035156,54.78752899169922,269.227294921875,157.86561584472656,130.39642333984375,211.7352752685547,44.44367980957031,90.02273559570312
2023-03-17,152.51438903808594,138.5586700439453,116.06063842773438,54.53312683105469,272.3756408691406,156.6313934326172,130.4329376220703,211.67684936523438,44.803653717041016,88.96239471435547
2023-03-20,154.8759002685547,139.93170166015625,117.28755950927734,55.06010055541992,265.35748291015625,158.83155822753906,132.4405975341797,212.41688537597656,45.285762786865234,91.28802490234375
2023-03-21,156.72576904296875,139.93170166015625,120.43330383300781,54.80569839477539,266.86834716796875,159.20716857910156,131.4823760986328,216.11703491210938,45.131492614746094,95.3779525756836
2023-03-22,155.2990264892578,137.34930419921875,117.32447052001953,54.56038284301758,265.41595458984375,157.86561584472656,131.4002227783203,214.25721740722656,44.84222412109375,93.19486999511719
2023-03-23,156.38136291503906,137.4220428466797,117.01079559326172,54.4422607421875,270.650390625,157.09645080566406,131.2177276611328,216.74021911621094,45.205406188964844,92.14344787597656
2023-03-24,157.68020629882812,138.80419921875,115.23038482666016,55.332672119140625,273.4869384765625,160.173095703125,133.89154052734375,215.23092651367188,45.57501983642578,92.25035095214844
2023-03-27,155.74179077148438,139.39520263671875,118.53295135498047,55.74153518676758,269.4026794433594,160.53086853027344,133.18890380859375,215.98069763183594,46.33674621582031,94.27305603027344
2023-03-28,155.1218719482422,138.0494842529297,118.89273071289062,55.80514144897461,268.2817687988281,160.47720336914062,133.56304931640625,214.5395965576172,46.156761169433594,95.44921875
2023-03-29,158.19186401367188,139.40432739257812,119.13258361816406,56.20491027832031,273.4284362792969,161.58619689941406,133.97369384765625,217.4315185546875,46.35603713989258,97.0887680053711
2023-03-30,159.75636291503906,139.51341247558594,118.7728042602539,56.19582748413086,276.87908935546875,161.7293243408203,134.5577392578125,216.51625061035156,46.81885528564453,97.56102752685547
2023-03-31,162.25564575195312,140.94105529785156,120.21190643310547,56.359371185302734,281.0217590332031,163.0440216064453,135.6892852783203,219.53475952148438,47.39095687866211,97.7125015258789
2023-04-03,163.5052490234375,142.62322998046875,120.07355499267578,56.69554901123047,279.9788513183594,163.22291564941406,136.43759155273438,222.98175048828125,47.78948974609375,103.47759246826172
2023-04-04,162.9739227294922,144.114501953125,118.4683837890625,56.52291488647461,279.9300537109375,162.64157104492188,137.09463500976562,221.677001953125,47.32024383544922,102.488525390625
2023-04-05,161.13388061523438,150.5886688232422,118.64502716064453,57.05897521972656,277.1617126464844,164.2425079345703,138.03460693359375,222.17356872558594,48.10446548461914,104.24388885498047
2023-04-06,162.0194854736328,150.17039489746094,118.51486206054688,57.0953254699707,284.2384033203125,164.88645935058594,138.91065979003906,220.0508575439453,48.4676513671875,102.5152587890625
2023-04-10,159.43165588378906,149.41567993164062,118.90534210205078,56.95903778076172,282.0843200683594,163.84898376464844,137.76083374023438,220.47927856445312,48.37444305419922,102.0608139038086
2023-04-11,158.2213897705078,149.3702392578125,119.49110412597656,56.859100341796875,275.68988037109375,163.5985565185547,137.48707580566406,222.4462127685547,48.23302459716797,102.78257751464844
2023-04-12,157.5326385498047,149.05197143554688,119.4725112915039,56.95903778076172,276.3332214355469,163.27658081054688,137.8612518310547,221.82302856445312,47.998409271240234,102.67564392089844
2023-04-13,162.90504455566406,151.04330444335938,119.9280776977539,57.376983642578125,282.52288818359375,164.90435791015625,138.49998474121094,226.57481384277344,48.04661560058594,103.15682220458984
2023-04-14,162.56065368652344,150.79783630371094,128.9838104248047,57.286136627197266,278.91632080078125,164.12620544433594,137.79733276367188,227.8698272705078,47.72200012207031,103.40630340576172
2023-04-17,162.58033752441406,150.6432342529297,130.00656127929688,57.65863800048828,281.5091552734375,164.96693420410156,137.8429718017578,227.34402465820312,48.05625915527344,102.2033920288086
2023-04-18,163.80047607421875,146.4058837890625,131.46624755859375,57.749507904052734,281.0899963378906,165.30685424804688,137.98898315429688,227.4608612060547,48.162322998046875,104.1993408203125
2023-04-19,164.94186401367188,147.78802490234375,131.29888916015625,57.85853576660156,281.1679992675781,165.20843505859375,138.016357421875,226.45791625976562,48.213741302490234,103.86963653564453
2023-04-20,163.9775390625,148.74281311035156,130.9176788330078,58.11294174194336,278.8870849609375,165.7539825439453,138.52232360839844,228.4345703125,48.52228546142578,103.04097747802734
2023-04-21,162.3737030029297,147.9335479736328,130.66664123535156,58.1947135925293,278.5458679199219,165.82554626464844,143.31573486328125,227.8990478515625,48.76655578613281,103.37066650390625
2023-04-24,162.6787567138672,148.83370971679688,130.8433074951172,58.103851318359375,274.6566162109375,165.90602111816406,143.57289123535156,226.64291381835938,49.09760665893555,105.32205200195312
2023-04-25,161.1437530517578,150.1976776123047,127.998291015625,58.012996673583984,268.46697998046875,169.67135620117188,143.60958862304688,223.5562744140625,48.71513748168945,103.82508087158203
2023-04-26,161.13388061523438,147.86985778808594,125.72972106933594,57.74041748046875,287.9132385253906,168.62489318847656,141.94747924804688,222.1540985107422,48.50300979614258,102.87165832519531
2023-04-27,165.7093505859375,148.2154083251953,127.4218521118164,57.85853576660156,297.1343994140625,169.65345764160156,143.68304443359375,222.99148559570312,48.6540641784668,104.10132598876953
2023-04-28,166.958984375,148.85191345214844,128.52822875976562,58.28557205200195,299.5031433105469,170.72671508789062,143.60040283203125,226.6137237548828,48.52228546142578,105.44680786132812
2023-05-01,166.87042236328125,148.76100158691406,131.28030395507812,58.4218635559082,297.8460693359375,171.43325805664062,143.77487182617188,226.3994903564453,48.721553802490234,102.17665100097656
2023-05-02,165.83724975585938,150.06126403808594,129.1604461669922,58.15837097167969,297.69976806640625,171.9430389404297,143.6463165283203,221.01483154296875,48.58978271484375,98.10455322265625
2023-05-03,164.76475524902344,148.0972137451172,126.427001953125,57.83127975463867,296.7153625488281,171.8804473876953,143.46263122558594,220.04112243652344,48.4098014831543,96.1709976196289
2023-05-04,163.13136291503906,147.42430114746094,124.69767761230469,57.894874572753906,297.69976806640625,172.95372009277344,142.80149841308594,219.6710968017578,48.54530334472656,94.48690032958984
2023-05-05,170.78660583496094,147.92445373535156,127.13362121582031,58.16745376586914,302.80755615234375,173.74969482421875,143.2789764404297,225.68870544433594,48.964717864990234,96.83927154541016
2023-05-08,170.71771240234375,147.58798217773438,127.44046020507812,58.076595306396484,300.8580627441406,172.92684936523438,142.60865783691406,226.1268768310547,49.27121353149414,97.22241973876953
2023-05-09,169.0154571533203,146.4422607421875,126.8268051147461,57.595054626464844,299.2497253417969,173.63340759277344,141.14859008789062,227.1298065185547,49.35508728027344,97.24916076660156
2023-05-10,170.7767791748047,146.9878387451172,126.89187622070312,57.69499206542969,304.4255676269531,173.74969482421875,141.4424285888672,225.1920928955078,49.21635818481445,96.00167083740234
2023-05-11,170.9636993408203,146.38772583007812,126.49211120605469,58.02207565307617,302.2812194824219,174.70663452148438,141.7729949951172,225.37745666503906,49.40026092529297,94.26412963867188
2023-05-12,170.03750610351562,146.19674682617188,124.67909240722656,58.24922561645508,301.1699523925781,175.4042510986328,143.2147216796875,225.73846435546875,49.384132385253906,94.25523376464844
2023-05-15,169.54483032226562,145.0783233642578,125.72972106933594,58.09476852416992,301.6475524902344,173.74969482421875,143.2606201171875,227.13356018066406,49.00020217895508,94.43498229980469
2023-05-16,169.54483032226562,144.8873748779297,124.88362884521484,57.44059371948242,303.8699951171875,172.99839782714844,143.0126953125,224.85064697265625,48.322689056396484,92.14307403564453
2023-05-17,170.15576171875,144.5691375732422,128.7235107421875,57.376983642578125,306.7420654296875,171.77313232421875,142.4066162109375,226.97747802734375,48.242034912109375,94.21027374267578
2023-05-18,172.48114013671875,144.10536193847656,129.69970703125,57.05897521972656,311.1576232910156,171.325927734375,140.0650177001953,227.90432739257812,48.867923736572266,95.06413269042969
2023-05-19,172.5894775390625,144.4964141845703,129.40220642089844,57.08624267578125,310.9817199707031,171.57635498046875,140.6527099609375,227.62136840820312,48.3646354675293,95.50452423095703
2023-05-22,171.64356994628906,143.71762084960938,128.3330078125,55.88690948486328,313.7560729980469,166.92564392089844,136.97044372558594,225.64089965820312,47.938758850097656,94.3450927734375
2023-05-23,169.04232788085938,143.66268920898438,126.99413299560547,55.78697204589844,307.9729309082031,166.4158477783203,135.4919891357422,219.10423278808594,47.84843826293945,95.63035583496094
2023-05-24,169.31820678710938,143.5252685546875,125.83197021484375,55.31450653076172,306.59552001953125,165.36048889160156,134.37168884277344,216.83106994628906,47.629051208496094,96.69990539550781
2023-05-25,170.4513397216797,141.46388244628906,126.13878631591797,54.88746643066406,318.38653564453125,164.38560485839844,133.50852966308594,217.93350219726562,47.15479278564453,94.96524810791016
2023-05-26,172.8555145263672,141.408935546875,127.319580078125,54.751182556152344,325.1954345703125,164.18887329101562,133.5177001953125,219.52374267578125,47.23867416381836,94.3450927734375
2023-05-30,174.6980743408203,141.42724609375,127.80301666259766,54.315059661865234,323.55426025390625,162.42694091796875,131.47909545898438,216.2359161376953,47.122528076171875,93.50923919677734
2023-05-31,174.64883422851562,142.0593719482422,126.17596435546875,54.20603561401367,320.79949951171875,163.08876037597656,130.8546600341797,215.6408233642578,47.383853912353516,91.8375015258789
2023-06-01,177.44712829589844,141.58299255371094,127.91461181640625,54.51495361328125,324.8926086425781,164.08395385742188,132.19540405273438,220.97743225097656,47.55807113647461,92.8980484008789
2023-06-02,178.2945098876953,143.8092498779297,130.60157775878906,55.568912506103516,327.6474609375,165.7681121826172,134.54620361328125,223.21160888671875,48.01296615600586,95.05513763427734
2023-06-05,176.9446258544922,145.0460968017578,129.3185272216797,55.19638442993164,328.17498779296875,165.88519287109375,134.01358032226562,221.24082946777344,48.32913589477539,94.6327133178711
2023-06-06,176.58006286621094,144.9178009033203,129.5509490966797,54.79661560058594,325.9671936035156,163.5165557861328,132.68206787109375,222.65548706054688,48.322689056396484,95.4056625366211
2023-06-07,175.21047973632812,145.2293243408203,130.80612182617188,54.714839935302734,315.9052429199219,162.21067810058594,132.9667510986328,219.77745056152344,48.393672943115234,97.5447769165039
2023-06-08,177.92010498046875,146.82339477539062,130.8433074951172,54.85112762451172,317.7418212890625,164.0028839111328,134.47268676757812,217.611572265625,49.09376525878906,97.23917388916016
2023-06-09,178.30435180664062,146.5943603515625,131.10362243652344,54.941978454589844,319.2364196777344,164.22804260253906,134.58290100097656,218.10910034179688,49.39057540893555,96.52014923095703
2023-06-12,181.0928192138672,146.49362182617188,131.09434509277344,54.705753326416016,324.1794738769531,163.82278442382812,133.5269012451172,220.6554718017578,49.716434478759766,95.64832305908203
2023-06-13,180.61988830566406,147.26318359375,132.04270935058594,54.9238166809082,326.5630798339844,163.49851989746094,133.20547485351562,217.95301818847656,50.10357666015625,95.66631317138672
2023-06-14,181.25048828125,148.01441955566406,131.5499267578125,55.296321868896484,329.5425720214844,164.96656799316406,134.454345703125,217.9920196533203,50.61009979248047,94.515869140625
2023-06-15,183.2802734375,150.00250244140625,133.03749084472656,56.05619812011719,340.0538635253906,167.254150390625,136.3184356689453,220.6554718017578,50.88755798339844,95.1719741821289
2023-06-16,182.20626831054688,150.46060180664062,133.19557189941406,56.459022521972656,334.4172058105469,167.55133056640625,137.31935119628906,223.3286895751953,50.17778778076172,94.4889144897461
2023-06-20,182.29493713378906,150.36895751953125,132.516845703125,56.08366775512695,330.23614501953125,166.89389038085938,136.05213928222656,220.94815063476562,49.735782623291016,92.32283782958984
2023-06-21,181.26036071777344,150.1399383544922,132.3215789794922,56.23930358886719,325.8499755859375,167.00196838378906,137.22752380371094,221.70916748046875,49.832576751708984,93.3564453125
2023-06-22,184.25575256347656,151.73402404785156,129.77410888671875,56.62380599975586,331.8577880859375,168.73117065429688,137.69586181640625,222.82131958007812,50.24876403808594,92.84413146972656
2023-06-23,183.94044494628906,151.60574340820312,129.09539794921875,56.02873992919922,327.2762145996094,167.578369140625,136.32763671875,223.95306396484375,50.15519332885742,92.03523254394531
2023-06-26,182.55113220214844,149.91087341308594,129.41148376464844,56.04705047607422,321.0045471191406,166.51564025878906,136.4653778076172,220.7823028564453,50.022918701171875,93.73392486572266
2023-06-27,185.30018615722656,149.59939575195312,129.42079162597656,55.92803192138672,326.8366394042969,167.71343994140625,137.7601318359375,221.7969512939453,49.84225082397461,93.96761322021484
2023-06-28,186.47271728515625,149.2970428466797,128.8536376953125,55.406192779541016,328.0870056152344,165.4438934326172,137.7325897216797,222.40184020996094,50.113258361816406,94.73157501220703
2023-06-29,186.80770874023438,150.3414764404297,133.35360717773438,54.94844055175781,327.30548095703125,165.6060028076172,137.17247009277344,228.60678100585938,49.774505615234375,95.89999389648438
2023-06-30,191.12342834472656,151.64239501953125,135.22239685058594,55.13154983520508,332.6686096191406,166.81283569335938,139.33961486816406,231.68971252441406,50.710113525390625,96.39432525634766
2023-07-03,189.6356201171875,149.6543731689453,136.31019592285156,55.461124420166016,330.1775207519531,167.1550750732422,140.0374755859375,232.16775512695312,51.039180755615234,96.58306884765625
2023-07-05,188.52218627929688,149.1595916748047,135.4021759033203,55.87309646606445,330.3338623046875,168.03768920898438,139.79872131347656,233.6116943359375,51.010154724121094,96.0887451171875
2023-07-06,188.99513244628906,148.05108642578125,134.06350708007812,55.44281005859375,333.3816833496094,168.05569458007812,139.56915283203125,233.05557250976562,50.68752670288086,92.50260162353516
2023-07-07,187.8817138671875,145.89810180664062,135.12132263183594,54.710411071777344,329.42535400390625,164.88548278808594,136.6398468017578,230.68482971191406,49.51962661743164,92.71829223632812
2023-07-10,185.8421173095703,146.13629150390625,135.87960815429688,54.298431396484375,324.1599426269531,165.98423767089844,136.69491577148438,232.35311889648438,49.968074798583984,94.09342956542969
2023-07-11,185.31991577148438,145.33006286621094,138.0045928955078,54.490684509277344,324.7851257324219,165.696044921875,135.97869873046875,234.68484497070312,49.89387130737305,95.24388122558594
2023-07-12,186.98509216308594,144.82623291015625,138.68797302246094,54.78365707397461,329.40582275390625,164.96656799316406,136.68577575683594,236.3043975830078,50.019691467285156,95.71124267578125
2023-07-13,187.74375915527344,145.4949951171875,139.36199951171875,55.250553131103516,334.7395935058594,168.8932647705078,136.777587890625,237.37757873535156,49.72610855102539,93.95863342285156
2023-07-14,187.8916015625,146.4661102294922,140.2045135498047,55.754085540771484,337.2599792480469,169.50570678710938,137.78770446777344,237.23123168945312,49.89710235595703,90.72300720214844
2023-07-17,191.14315795898438,145.7332000732422,143.58396911621094,55.671695709228516,337.7386779785156,167.18209838867188,136.81431579589844,238.04098510742188,49.95840072631836,91.11846923828125
2023-07-18,190.88697814941406,145.72401428222656,143.84608459472656,55.451969146728516,351.1805725097656,166.1193389892578,137.07144165039062,234.8994903564453,49.86806869506836,90.70503997802734
2023-07-19,192.23687744140625,145.4308624267578,144.39840698242188,56.431556701660156,346.8725280761719,167.74948120117188,138.0081024169922,235.5336151123047,49.88418960571289,91.33419036865234
2023-07-20,190.29579162597656,154.26258850097656,146.17703247070312,57.11817932128906,338.852294921875,170.48736572265625,139.1271209716797,233.7775421142578,50.8068962097168,92.9430160522461
2023-07-21,189.1232452392578,155.9208526611328,145.05369567871094,57.16395568847656,335.82391357421875,171.26190185546875,141.31716918945312,233.4165496826172,51.09403991699219,93.3744125366211
2023-07-24,189.92137145996094,156.73622131347656,147.90890502929688,57.182273864746094,337.13299560546875,171.94635009765625,141.76995849609375,234.8702392578125,51.394065856933594,94.83943939208984
2023-07-25,190.77857971191406,157.9364013671875,146.80430603027344,56.990013122558594,342.8673095703125,172.3426513671875,142.10260009765625,232.8702392578125,51.352134704589844,94.98323059082031
2023-07-26,191.6456756591797,158.2387237548828,147.68421936035156,57.722412109375,329.96258544921875,172.5587921142578,142.25047302246094,231.31898498535156,51.536033630371094,94.45297241210938
2023-07-27,190.38449096679688,159.12742614746094,146.05535888671875,57.16395568847656,323.0755920410156,169.7938995361328,140.55943298339844,228.72384643554688,51.348899841308594,94.74954986572266
2023-07-28,192.9561767578125,159.85116577148438,146.88848876953125,57.20057678222656,330.5487365722656,171.39697265625,144.53292846679688,230.0019073486328,51.59087371826172,93.61710357666016
2023-07-31,193.5670623779297,153.48387145996094,147.8714599609375,56.69705581665039,328.1553955078125,168.8302459716797,144.43124389648438,231.93360900878906,51.57474899291992,96.38533782958984
2023-08-01,192.73939514160156,154.72984313964844,147.1412811279297,56.550575256347656,328.5656433105469,168.25384521484375,144.3850555419922,233.93362426757812,51.33277893066406,95.82809448242188
2023-08-02,189.7538604736328,155.6643524169922,145.47494506835938,56.724517822265625,319.9300537109375,169.59576416015625,144.69920349121094,231.7677764892578,51.36826705932617,94.6327133178711
2023-08-03,188.3645477294922,156.33316040039062,146.36428833007812,56.431556701660156,319.1094665527344,168.52398681640625,145.07809448242188,232.93850708007812,51.38116455078125,96.27747344970703
2023-08-04,179.3192596435547,154.8672637939453,146.05535888671875,55.58013916015625,320.20355224609375,166.2544403076172,143.4887237548828,233.16293334960938,51.0843620300293,96.54711151123047
2023-08-07,176.22535705566406,158.58688354492188,146.7480926513672,56.01957702636719,322.47967529296875,168.31686401367188,145.00416564941406,235.62144470214844,51.77800369262695,96.34938049316406
2023-08-08,177.16140747070312,158.66015625,145.92430114746094,55.77238845825195,318.5135498046875,166.11033630371094,145.16127014160156,233.45555114746094,51.829620361328125,96.82572937011719
2023-08-09,175.57504272460938,158.55943298339844,143.96775817871094,55.900569915771484,314.7818603515625,165.696044921875,144.9764404296875,233.91412353515625,51.91349792480469,98.47051239013672
2023-08-10,175.35826110839844,157.73487854003906,143.75247192382812,55.77238845825195,315.46563720703125,165.48892211914062,144.2556915283203,234.74497985839844,51.88759994506836,98.97382354736328
2023-08-11,175.41744995117188,159.2739715576172,144.58563232421875,56.00127029418945,313.5900573730469,165.75010681152344,145.0966033935547,234.62762451171875,52.19194412231445,100.51073455810547
2023-08-14,177.06517028808594,158.89837646484375,144.88519287109375,55.73577880859375,316.550048828125,165.371826171875,143.95997619628906,237.42318725585938,51.80341720581055,100.59162139892578
2023-08-15,175.08200073242188,158.44032287597656,141.1968231201172,55.360416412353516,314.42034912109375,163.3274383544922,143.03591918945312,234.42242431640625,51.537933349609375,98.00910949707031
2023-08-16,174.2137451171875,157.9364013671875,140.59768676757812,55.369571685791016,313.6568298339844,163.2013702392578,141.5758819580078,233.89456176757812,51.56382751464844,96.35992431640625
2023-08-17,171.67803955078125,159.42059326171875,139.13734436035156,55.48858642578125,310.2109069824219,160.71563720703125,140.55943298339844,232.0178680419922,50.407962799072266,98.22657775878906
2023-08-18,172.16151428222656,158.02804565429688,139.4556121826172,55.799861907958984,309.8193664550781,160.4724578857422,140.9567413330078,232.79981994628906,51.133216857910156,99.7126693725586
2023-08-21,173.4934844970703,153.31900024414062,139.9330596923828,55.32379913330078,315.1056823730469,159.45474243164062,140.24522399902344,234.06077575683594,50.99723434448242,98.50748443603516
2023-08-22,174.8649139404297,152.10049438476562,137.03106689453125,54.98506546020508,315.6734619140625,158.23892211914062,140.3006591796875,235.1457061767578,50.83534622192383,97.95475006103516
2023-08-23,178.7030029296875,150.73538208007812,137.9578094482422,55.17731857299805,320.1178894042969,160.4184112548828,141.6128387451172,236.83673095703125,51.18824768066406,97.09387969970703
2023-08-24,174.02627563476562,151.2484588623047,137.82676696777344,55.03083801269531,313.23590087890625,159.57183837890625,140.9567413330078,234.0705108642578,50.79648971557617,96.36898803710938
2023-08-25,176.22653198242188,153.41705322265625,137.6582489013672,55.28718185424805,316.18255615234375,161.58921813964844,141.8808135986328,237.1006317138672,51.09759521484375,98.09065246582031
2023-08-28,177.7854461669922,151.60833740234375,138.1356658935547,55.44281005859375,316.8873291015625,162.33673095703125,142.10260009765625,238.3322296142578,51.38898849487305,98.91525268554688
2023-08-29,181.66299438476562,151.6268310546875,139.25901794433594,55.387882232666016,321.49822998046875,162.9491424560547,142.18577575683594,239.8081512451172,51.81959915161133,99.5042495727539
2023-08-30,185.14585876464844,151.09158325195312,138.6973876953125,55.360416412353516,321.8702697753906,163.08424377441406,142.34286499023438,240.6781005859375,52.19194412231445,100.47382354736328
2023-08-31,185.3629608154297,149.1998291015625,136.9842529296875,54.77449417114258,320.8619384765625,161.36557006835938,142.62008666992188,240.1405029296875,52.648468017578125,100.7547378540039
2023-09-01,186.93174743652344,148.0924530029297,137.44293212890625,54.298431396484375,321.742919921875,159.00750732421875,142.77719116210938,242.51571655273438,52.311737060546875,102.8660659790039
2023-09-05,187.16851806640625,148.2770233154297,135.92640686035156,53.84983825683594,326.53009033203125,157.95541381835938,140.8643798828125,239.8081512451172,51.890838623046875,102.87512969970703
2023-09-06,180.46914672851562,145.81312561035156,135.70176696777344,53.8132209777832,325.8741149902344,158.47239685058594,140.58714294433594,240.6096649169922,52.279361724853516,103.76315307617188
2023-09-07,175.19053649902344,147.6771697998047,134.54090881347656,53.401241302490234,322.96661376953125,159.98703002929688,141.9270477294922,241.5675811767578,52.92690658569336,103.25570678710938
2023-09-08,175.80226135253906,148.16629028320312,134.64393615722656,53.401241302490234,327.2348937988281,159.8690948486328,141.31716918945312,241.71417236328125,53.0240364074707,104.75991821289062
2023-09-11,176.96652221679688,150.1041717529297,135.23367309570312,53.9047737121582,330.82763671875,162.28158569335938,142.9989471435547,241.64576721191406,53.208587646484375,103.44600677490234
2023-09-12,173.94735717773438,150.95315551757812,136.99363708496094,53.373775482177734,324.7875671386719,161.68301391601562,140.48550415039062,241.72398376464844,53.26686096191406,106.46347045898438
2023-09-13,171.88523864746094,151.33151245117188,137.05909729003906,53.50194549560547,328.98724365234375,162.9618377685547,141.46499633789062,242.2419891357422,53.27981948852539,105.51201629638672
2023-09-14,173.39483642578125,151.100830078125,139.7177276611328,53.94486999511719,331.57171630859375,164.36758422851562,143.01744079589844,236.0547637939453,53.50321578979492,107.39681243896484
2023-09-15,172.67457580566406,148.98757934570312,139.3058319091797,53.46503829956055,323.2701416015625,163.10691833496094,141.816162109375,235.6344451904297,53.305721282958984,105.74761962890625
2023-09-18,175.5950469970703,149.92884826660156,139.59605407714844,53.79723358154297,322.1345520019531,162.68972778320312,142.3520965576172,239.14352416992188,52.91071701049805,106.59939575195312
2023-09-19,176.68038940429688,149.6796875,139.41818237304688,53.68650436401367,321.73321533203125,161.7283477783203,141.936279296875,238.0682830810547,52.897762298583984,106.31848907470703
2023-09-20,173.14816284179688,150.3348846435547,138.8284149169922,53.92641830444336,314.01904296875,161.7827606201172,141.816162109375,236.40663146972656,53.06936264038086,105.47577667236328
2023-09-21,171.6089630126953,149.18136596679688,137.7425079345703,53.09593200683594,312.8050842285156,159.06190490722656,140.58714294433594,231.27500915527344,52.42505645751953,103.98969268798828
2023-09-22,172.45748901367188,148.11090087890625,136.4225616455078,53.15129852294922,310.338134765625,158.96214294433594,140.06967163085938,229.77947998046875,52.56428909301758,104.15278625488281
2023-09-25,173.7302703857422,147.88941955566406,137.0965576171875,52.59763717651367,310.8569641113281,158.109619140625,139.21954345703125,228.09829711914062,52.79739761352539,105.32172393798828
2023-09-26,169.66526794433594,146.74517822265625,135.67364501953125,52.1639404296875,305.5706481933594,156.468017578125,137.98129272460938,224.47195434570312,52.61284637451172,105.48484802246094
2023-09-27,168.1556396484375,144.98260498046875,136.46937561035156,51.62873458862305,306.20697021484375,153.7925262451172,136.15162658691406,224.3253173828125,52.36030578613281,108.91913604736328
2023-09-28,168.41221618652344,144.7703399658203,138.16375732421875,51.499549865722656,307.03912353515625,153.72900390625,135.2275390625,226.43661499023438,52.62581253051758,108.25765228271484
2023-09-29,168.92526245117188,143.72755432128906,135.75787353515625,51.65641403198242,309.1047058105469,153.67459106445312,134.78402709960938,224.82383728027344,51.7807502746582,106.54503631591797
2023-10-02,171.43133544921875,143.17388916015625,134.58773803710938,51.19503402709961,315.0273742675781,153.4297332763672,134.1648712158203,226.05540466308594,51.83580017089844,104.77803802490234
2023-10-03,170.09934997558594,143.34921264648438,133.595458984375,50.64137649536133,306.79437255859375,152.09649658203125,134.44212341308594,223.65087890625,51.508792877197266,104.95926666259766
2023-10-04,171.34259033203125,143.5153350830078,134.19456481933594,50.78902053833008,312.2471618652344,153.19390869140625,134.88568115234375,226.0065460205078,52.127193450927734,101.03564453125
2023-10-05,172.57589721679688,145.01025390625,134.7603759765625,48.33445739746094,312.638671875,145.20362854003906,132.88046264648438,228.215576171875,51.505550384521484,98.76119995117188
2023-10-06,175.12147521972656,145.47166442871094,136.83505249023438,49.03575897216797,320.3724060058594,145.37594604492188,133.14842224121094,229.7404022216797,50.641075134277344,97.11200714111328
2023-10-09,176.60142517089844,146.3022003173828,136.52389526367188,48.795841217041016,322.8785705566406,146.3463897705078,132.47386169433594,229.1539306640625,50.45653533935547,100.51007080078125
2023-10-10,176.00946044921875,146.13612365722656,137.35374450683594,49.857017517089844,321.4786682128906,149.103515625,133.78602600097656,231.2652130126953,51.026371002197266,100.08418273925781
2023-10-11,177.40061950683594,144.1243438720703,137.8252716064453,49.56174087524414,325.4238586425781,147.48912048339844,132.14120483398438,230.36595153808594,51.23033905029297,96.4958267211914
2023-10-12,178.2985076904297,144.26280212402344,137.50462341308594,48.73125076293945,324.19036865234375,143.37159729003906,132.43690490722656,231.441162109375,51.46345901489258,96.47770690917969
2023-10-13,176.46331787109375,144.74264526367188,139.5698699951172,48.805076599121094,320.8325500488281,145.11293029785156,133.70285034179688,232.3111114501953,51.748382568359375,99.55862426757812
2023-10-16,176.3350372314453,145.37017822265625,139.4284210205078,49.30337142944336,325.63922119140625,146.0924530029297,134.9781036376953,234.65699768066406,52.1951789855957,99.63111114501953
2023-10-17,174.78599548339844,144.04132080078125,139.12667846679688,49.89393615722656,325.0714416503906,145.44850158691406,135.1536407470703,235.76148986816406,52.263179779052734,100.93597412109375
2023-10-18,173.4934844970703,140.940673828125,137.5989532470703,49.8754768371582,323.16241455078125,146.9540557861328,138.63735961914062,232.11561584472656,52.302024841308594,102.34954833984375
2023-10-19,173.11856079101562,140.5623321533203,137.0142364501953,50.15230941772461,324.34698486328125,145.620849609375,137.85720825195312,228.5381317138672,52.05272674560547,102.4129867553711
2023-10-20,170.57298278808594,141.18983459472656,134.8075408935547,50.355316162109375,319.79486083984375,145.11293029785156,137.6711883544922,228.11782836914062,51.40194320678711,100.65505981445312
2023-10-23,170.69137573242188,139.70411682128906,132.96861267089844,49.90316390991211,322.3890686035156,145.18548583984375,137.76417541503906,226.30955505371094,52.130428314208984,99.17803192138672
2023-10-24,171.12551879882812,139.55645751953125,133.12892150878906,51.34267807006836,323.5736083984375,147.09913635253906,139.3915252685547,229.35919189453125,52.855682373046875,98.21751403808594
2023-10-25,168.8167266845703,139.8702392578125,132.40277099609375,51.785606384277344,333.5002136230469,147.24427795410156,140.04246520996094,231.50961303710938,52.697025299072266,98.39873504638672
2023-10-26,164.6629180908203,137.4985809326172,132.7422637939453,51.47186279296875,320.9891357421875,146.39173889160156,139.2985382080078,226.06520080566406,52.37649154663086,97.50166320800781
2023-10-27,165.97518920898438,134.36105346679688,127.96106719970703,50.973575592041016,322.8687744140625,144.76828002929688,136.8435821533203,224.10049438476562,52.18222427368164,95.64405059814453
2023-10-30,168.0175323486328,135.6806640625,129.59251403808594,51.81329345703125,330.21087646484375,147.1807861328125,138.79638671875,227.8245849609375,52.78120803833008,95.94307708740234
2023-10-31,168.49114990234375,136.88954162597656,131.1391143798828,52.12702941894531,330.9940490722656,148.0877685546875,139.5124053955078,229.79905700683594,52.907474517822266,95.91590118408203
2023-11-01,171.64845275878906,137.2125244140625,131.0259552001953,52.08088684082031,338.7865295410156,149.52980041503906,139.121826171875,233.20057678222656,53.380184173583984,95.72561645507812
2023-11-02,175.20042419433594,138.6428985595703,133.3647003173828,52.68069076538086,340.9892578125,151.30743408203125,140.82354736328125,237.76527404785156,53.590633392333984,98.86994934082031
2023-11-03,174.29266357421875,139.65797424316406,134.85470581054688,52.35771942138672,345.3748779296875,151.27114868164062,139.5496063232422,238.10739135742188,53.31218719482422,97.66476440429688
2023-11-06,176.83824157714844,139.9901885986328,135.87318420410156,52.5699577331543,349.02642822265625,151.18954467773438,140.35862731933594,237.99989318847656,53.38341522216797,95.93402862548828
2023-11-07,179.39369201660156,139.2519073486328,135.80715942382812,52.76374435424805,352.9421691894531,151.6248779296875,140.0331268310547,239.2510223388672,53.632728576660156,94.42980194091797
2023-11-08,180.4494171142578,138.74440002441406,136.4766845703125,52.68069076538086,355.5560607910156,151.81533813476562,139.49380493164062,238.91798400878906,53.195640563964844,93.26994323730469
2023-11-09,179.975830078125,136.04054260253906,136.07118225097656,52.283897399902344,353.09893798828125,150.6997833251953,139.80995178222656,236.6944122314453,53.07259750366211,93.29712677001953
2023-11-10,184.1548309326172,135.88368225097656,138.08932495117188,52.33926010131836,361.889892578125,151.38906860351562,140.79568481445312,240.2305145263672,53.807559967041016,94.01296997070312
2023-11-13,182.5740966796875,136.23434448242188,137.47634887695312,52.533042907714844,358.96270751953125,152.15997314453125,141.77206420898438,239.66241455078125,54.289981842041016,95.00067901611328
2023-11-14,185.1823272705078,136.26202392578125,139.9848175048828,52.68990707397461,362.4772644042969,152.46832275390625,141.45590209960938,241.88595581054688,54.28026580810547,95.36646270751953
2023-11-15,185.74546813964844,137.31405639648438,141.21080017089844,52.791419982910156,362.6244201660156,151.68836975097656,140.80494689941406,243.03199768066406,54.96990966796875,94.79036712646484
2023-11-16,187.42498779296875,138.51370239257812,142.82337951660156,52.736061096191406,369.0005187988281,152.10556030273438,142.1161346435547,243.4826202392578,50.521278381347656,93.69306182861328
2023-11-17,187.4052276611328,138.22764587402344,144.1153564453125,52.837554931640625,362.8009948730469,151.24395751953125,140.47952270507812,244.45233154296875,50.297882080078125,95.97913360595703
2023-11-20,189.14402770996094,139.44618225097656,144.55857849121094,52.96674728393555,370.24627685546875,151.02627563476562,139.73556518554688,244.85394287109375,50.28169631958008,95.5584945678711
2023-11-21,188.34378051757812,140.57171630859375,144.25680541992188,53.548091888427734,365.9595642089844,152.1872100830078,139.121826171875,247.06768798828125,50.463008880615234,95.52191925048828
2023-11-22,189.00572204589844,140.29266357421875,144.59628295898438,53.907962799072266,370.6484680175781,153.4750518798828,140.43301391601562,248.52719116210938,50.07771682739258,95.11042785644531
2023-11-24,187.68185424804688,141.85540771484375,144.7943572998047,54.04638671875,370.23651123046875,153.61111450195312,140.7677764892578,249.0953369140625,50.52775573730469,95.62250518798828
2023-11-27,187.50401306152344,140.72056579589844,144.46426391601562,53.94486999511719,371.3940124511719,152.65879821777344,140.6375732421875,248.9385986328125,50.75763702392578,95.064697265625
2023-11-28,188.10667419433594,141.04611206054688,144.7943572998047,54.05561065673828,375.40606689453125,153.14857482910156,141.61398315429688,247.76316833496094,51.36309814453125,95.00983428955078
2023-11-29,187.08908081054688,141.4926300048828,145.52992248535156,53.73263931274414,371.6294250488281,151.60675048828125,140.5352783203125,249.02674865722656,50.53424072265625,93.58332061767578
2023-11-30,187.66209411621094,143.86463928222656,147.18966674804688,54.35581588745117,371.688232421875,153.79547119140625,142.75772094726562,251.42660522460938,50.407962799072266,93.94908142089844
2023-12-01,188.9365692138672,147.32498168945312,147.90635681152344,54.54183578491211,367.3721923828125,154.1610107421875,141.95802307128906,251.2013397216797,49.97087097167969,94.17768859863281
2023-12-04,187.1483612060547,147.7900848388672,148.9908447265625,54.47673034667969,362.1044921875,154.57223510742188,141.40008544921875,249.2324676513672,49.95792007446289,93.66561126708984
2023-12-05,191.0902862548828,147.48309326171875,148.9720001220703,54.56044387817383,365.42010498046875,153.4755859375,136.4716339111328,249.39898681640625,50.42091751098633,91.84588623046875
2023-12-06,190.00355529785156,145.6878204345703,147.40655517578125,54.50463104248047,361.77093505859375,153.0826416015625,136.3693389892578,249.08554077148438,49.873741149902344,90.62969207763672
2023-12-07,191.9300537109375,144.55294799804688,147.85919189453125,54.63485336303711,363.8800048828125,153.0369415283203,136.2298583984375,250.58419799804688,49.54551696777344,89.99873352050781
2023-12-08,193.3527374267578,143.64138793945312,149.49066162109375,54.513946533203125,367.0975036621094,151.41026306152344,134.97450256347656,250.505859375,49.02556228637695,91.03205108642578
2023-12-11,190.85321044921875,144.2366943359375,150.03762817382812,54.91388702392578,364.2232971191406,153.36593627929688,135.59751892089844,251.26986694335938,49.149044036865234,91.09605407714844
2023-12-12,192.36480712890625,144.2460174560547,151.37677001953125,55.2673225402832,367.2445983886719,153.9599609375,135.70912170410156,254.24765014648438,49.188045501708984,89.66038513183594
2023-12-13,195.57562255859375,144.9157257080078,151.88595581054688,55.7416877746582,367.23480224609375,157.195068359375,138.1640625,257.00994873046875,50.06222915649414,90.45594024658203
2023-12-14,195.7238006591797,145.9203643798828,154.6490936279297,54.91388702392578,358.9556884765625,153.75888061523438,134.51885986328125,253.4346466064453,49.45127868652344,92.88835144042969
2023-12-15,195.1903076171875,144.32972717285156,155.8184356689453,54.50463104248047,363.6642150878906,152.61656188964844,133.86793518066406,252.7489776611328,49.63650894165039,92.26653289794922
2023-12-18,193.53054809570312,144.5902099609375,156.76150512695312,54.89528274536133,365.5475769042969,154.36204528808594,135.92298889160156,253.08200073242188,50.36119842529297,92.95235443115234
2023-12-19,194.5679168701172,145.53895568847656,158.85504150390625,54.718563079833984,366.1459655761719,153.4847412109375,135.92298889160156,254.66888427734375,50.54318618774414,94.17768859863281
2023-12-20,192.48330688476562,142.57167053222656,157.0633087158203,53.58382034301758,363.5562744140625,151.41940307617188,133.82142639160156,251.8477783203125,49.95173645019531,92.6048583984375
2023-12-21,192.33511352539062,144.0320587158203,157.9591522216797,53.93726348876953,366.420654296875,152.58917236328125,134.14688110351562,254.2280731201172,50.30596160888672,93.02552032470703
2023-12-22,191.2681427001953,144.60879516601562,157.86483764648438,54.24420166015625,367.44073486328125,153.23797607421875,135.09539794921875,253.14077758789062,50.90715789794922,93.19011688232422
2023-12-26,190.7247772216797,145.2413330078125,158.79847717285156,54.467430114746094,367.5193176269531,154.31637573242188,135.70912170410156,253.85581970214844,50.829166412353516,93.40043640136719
2023-12-27,190.8235626220703,145.43667602539062,159.7509307861328,54.60694885253906,366.9405212402344,154.80984497070312,135.8207244873047,253.63055419921875,51.3068733215332,92.96149444580078
2023-12-28,191.24835205078125,145.65061950683594,160.59970092773438,54.64414596557617,368.1274719238281,154.8007049560547,135.51385498046875,255.0704803466797,51.20613098144531,91.61727905273438
2023-12-29,190.21099853515625,145.79945373535156,160.41104125976562,54.81156921386719,368.8729248046875,155.2119598388672,136.2670440673828,255.02149963378906,51.23212814331055,91.42524719238281
2024-01-02,183.4040069580078,148.8040008544922,162.2782745361328,55.63936996459961,363.801513671875,158.01754760742188,138.31285095214844,253.57179260253906,51.76509475708008,93.6015853881836
2024-01-03,182.03074645996094,149.7341766357422,161.57101440429688,55.76958465576172,363.5366516113281,158.05409240722656,137.4759063720703,252.70005798339844,51.76833724975586,94.38803100585938
2024-01-04,179.7189483642578,149.41793823242188,162.64321899414062,55.58356475830078,360.9273376464844,156.70156860351562,138.22914123535156,254.29664611816406,51.26787567138672,93.56502532958984
2024-01-05,178.9977264404297,149.8830108642578,163.45924377441406,55.499855041503906,360.7409973144531,154.38946533203125,137.08535766601562,254.37503051757812,50.92666244506836,93.84849548339844
2024-01-08,183.32496643066406,150.25509643554688,163.22201538085938,55.909114837646484,367.5487060546875,154.54481506347656,138.26632690429688,257.1666259765625,51.42711639404297,92.28482055664062
2024-01-09,182.91001892089844,150.34812927246094,161.9315643310547,55.806793212890625,368.62774658203125,152.7718963623047,138.83358764648438,257.9404602050781,51.77158737182617,91.14177703857422
2024-01-10,183.94741821289062,150.57135009765625,162.2731475830078,55.992820739746094,375.47467041015625,152.54344177246094,139.4287109375,259.1453857421875,52.4150390625,90.24564361572266
2024-01-11,183.3546142578125,149.90162658691406,161.58999633789062,55.63007736206055,377.2992248535156,151.82150268554688,139.95875549316406,258.6261901855469,52.35654067993164,90.22734069824219
2024-01-12,183.6806640625,151.05511474609375,160.40391540527344,56.16953659057617,381.0660705566406,152.86328125,140.04246520996094,258.7633361816406,52.42478942871094,91.39781951904297
2024-01-16,181.41822814941406,149.3155975341797,159.3981475830078,55.79749298095703,382.83172607421875,151.85804748535156,139.2892303466797,259.81134033203125,52.59052276611328,89.3311996459961
2024-01-17,180.47967529296875,149.23187255859375,158.5441436767578,55.79749298095703,382.0469970703125,152.1047821044922,139.4287109375,261.1729736328125,52.343544006347656,88.68196105957031
2024-01-18,186.35800170898438,149.9573974609375,158.85726928710938,55.95560836791992,386.3631896972656,152.7718963623047,138.62489318847656,262.652099609375,53.04874038696289,88.51734161376953
2024-01-19,189.25267028808594,150.39463806152344,161.59945678710938,55.64867401123047,391.0716857910156,151.50164794921875,138.0915069580078,265.3555908203125,52.76926040649414,88.65451049804688
2024-01-22,191.55462646484375,151.12948608398438,161.40968322753906,55.4068489074707,388.952880859375,150.8893280029297,138.3628692626953,265.64947509765625,52.77250671386719,88.53562927246094
2024-01-23,192.8291015625,148.6551513671875,160.3470001220703,55.66727828979492,391.29730224609375,153.2014617919922,144.08978271484375,265.7082214355469,52.9057502746582,89.53236389160156
2024-01-24,192.1573028564453,147.86448669433594,161.77976989746094,54.79296875,394.887451171875,151.33714294433594,142.3492431640625,266.0902099609375,52.15830612182617,91.07776641845703
2024-01-25,191.83126831054688,148.42259216308594,164.09498596191406,55.02549743652344,397.1535339355469,152.21446228027344,145.62442016601562,267.0305480957031,52.91874694824219,93.39128875732422
2024-01-26,190.1023406982422,148.36680603027344,163.46873474121094,55.2208251953125,396.23138427734375,153.40249633789062,146.11105346679688,262.4562072753906,53.383453369140625,94.18683624267578
2024-01-29,189.42063903808594,148.23655700683594,163.8957061767578,55.5556640625,401.91107177734375,153.66751098632812,146.12977600097656,268.0590515136719,53.63368606567383,94.30570983886719
2024-01-30,185.7751007080078,147.68775939941406,167.2546844482422,55.71377944946289,400.8025817871094,155.01089477539062,147.3743438720703,271.4776611328125,53.81242370605469,95.87853240966797
2024-01-31,182.17893981933594,147.8086700439453,165.44232177734375,55.33243942260742,390.0024108886719,154.0147705078125,147.04681396484375,267.66729736328125,53.70193099975586,94.01309204101562
2024-02-01,184.6093292236328,147.306396484375,164.84457397460938,56.71831130981445,396.08428955078125,156.91175842285156,148.9557647705078,271.37969970703125,54.696353912353516,93.6290283203125
2024-02-02,183.6114959716797,145.6785125732422,165.79344177246094,56.309051513671875,403.3824462890625,156.24462890625,147.935791015625,271.50701904296875,55.10581970214844,93.24497985839844
2024-02-05,185.41943359375,144.925048828125,165.5751953125,55.843997955322266,397.9186096191406,156.19891357421875,148.04806518554688,269.9397277832031,54.81010055541992,92.86091613769531
2024-02-06,187.01992797851562,147.02731323242188,166.14450073242188,55.7509880065918,397.7617492675781,156.65585327148438,148.74993896484375,271.0956115722656,55.183815002441406,93.50102233886719
2024-02-07,187.12860107421875,146.95289611816406,166.4575958251953,55.79749298095703,406.1585693359375,156.70156860351562,148.89964294433594,273.6717529296875,55.0440788269043,93.47359466552734
2024-02-08,186.05172729492188,145.48316955566406,165.85983276367188,55.64867401123047,406.21734619140625,158.87657165527344,148.45046997070312,270.6394348144531,55.040828704833984,95.07383728027344
2024-02-09,186.8134307861328,145.81802368164062,166.05908203125,55.397544860839844,412.53466796875,153.22886657714844,147.30880737304688,271.27728271484375,55.01157760620117,93.06209564208984
2024-02-12,185.1317596435547,146.8319549560547,166.7991943359375,55.52775955200195,407.345458984375,155.91563415527344,147.01873779296875,269.94268798828125,55.34305191040039,94.34230041503906
2024-02-13,183.0445098876953,145.5482940673828,165.3474578857422,55.20222091674805,398.5758972167969,154.3346405029297,146.232666015625,270.6688232421875,54.966087341308594,93.53010559082031
2024-02-14,182.16409301757812,144.86927795410156,167.02691650390625,55.14641189575195,402.4282531738281,153.09176635742188,145.63380432128906,272.38623046875,54.79059600830078,93.06864929199219
2024-02-15,181.8772735595703,146.89706420898438,170.67051696777344,55.24872589111328,399.5487976074219,153.40249633789062,146.9251708984375,275.7425231933594,55.01482009887695,95.73593139648438
2024-02-16,180.3439178466797,146.72837829589844,169.87350463867188,55.239418029785156,397.0918884277344,151.99514770507812,147.39306640625,273.36761474609375,55.362545013427734,95.73593139648438
2024-02-20,179.60206604003906,147.95619201660156,170.53768920898438,56.4578742980957,395.84381103515625,154.1244354248047,148.32879638671875,270.0211181640625,57.149906158447266,94.83145904541016
2024-02-21,180.35386657714844,148.72471618652344,171.64784240722656,56.96013641357422,395.2442932128906,154.2889404296875,150.097412109375,271.60113525390625,56.44795608520508,96.76960754394531
2024-02-22,182.38172912597656,150.38369750976562,173.70689392089844,56.876426696777344,404.5509948730469,153.75888061523438,150.24713134765625,278.4608459472656,57.003665924072266,96.6865463256836
2024-02-23,180.55166625976562,151.6864776611328,174.57984924316406,56.92293167114258,403.26361083984375,154.9925994873047,150.6869659423828,278.31365966796875,57.05241012573242,95.83744049072266
2024-02-26,179.20635986328125,150.7023468017578,173.98202514648438,56.46717834472656,400.51190185546875,153.7680206298828,149.92897033691406,278.85345458984375,58.10533142089844,96.21585083007812
2024-02-27,180.6605224609375,150.88043212890625,174.06744384765625,56.12303161621094,400.452880859375,153.67666625976562,149.0680694580078,277.89166259765625,58.095577239990234,96.01280212402344
2024-02-28,179.4635467529297,151.41468811035156,174.94985961914062,56.178836822509766,400.68878173828125,152.64398193359375,149.7698974609375,280.30584716796875,58.124820709228516,96.28046417236328
2024-02-29,178.80076599121094,151.25534057617188,176.5439453125,55.82539367675781,406.5067138671875,152.2526092529297,148.73118591308594,277.3715515136719,57.14015579223633,96.46503448486328
2024-03-01,177.72256469726562,151.9488983154297,175.81332397460938,55.3696403503418,408.3345642089844,151.56198120117188,148.64698791503906,277.8818664550781,57.28639221191406,97.68330383300781
2024-03-04,173.21168518066406,149.8119659423828,177.1322021484375,55.63007736206055,407.7646179199219,152.28024291992188,149.31138610839844,275.3008728027344,57.81285095214844,96.31737518310547
2024-03-05,168.28543090820312,149.93382263183594,178.90658569335938,55.36033248901367,395.7062072753906,149.21383666992188,149.0867919921875,274.1723327636719,58.53429412841797,97.49872589111328
2024-03-06,167.29617309570312,149.34332275390625,179.83645629882812,55.388240814208984,395.1559143066406,150.0978546142578,149.32073974609375,275.20269775390625,59.05100631713867,98.5416488647461
2024-03-07,167.177490234375,148.90280151367188,178.2613525390625,55.28593063354492,402.0843200683594,150.1991424560547,150.30328369140625,273.07318115234375,58.84626770019531,99.09540557861328
2024-03-08,168.8888397216797,149.51205444335938,178.59349060058594,55.36033248901367,399.2146301269531,150.1438751220703,150.05064392089844,274.8200378417969,58.61228561401367,100.02757263183594
2024-03-11,170.88706970214844,151.11474609375,178.65988159179688,56.03002166748047,397.54400634765625,151.69088745117188,151.17355346679688,275.3302917480469,59.13874435424805,100.61824035644531
2024-03-12,171.3618621826172,152.530029296875,180.13059997558594,56.2718505859375,408.118408203125,151.5159454345703,151.5291290283203,278.6277160644531,59.869937896728516,99.97219848632812
2024-03-13,169.28453063964844,150.992919921875,181.5918426513672,56.848514556884766,407.9414978027344,152.2157745361328,151.87538146972656,279.824951171875,59.74319839477539,101.08893585205078
2024-03-14,171.13436889648438,149.22152709960938,178.35626220703125,56.72195053100586,417.88702392578125,151.73692321777344,151.1267852783203,281.0713195800781,59.692325592041016,102.87944030761719
2024-03-15,170.7584686279297,148.25607299804688,180.5670928955078,56.14066696166992,409.2387390136719,151.62643432617188,151.0144805908203,277.76409912109375,59.3597297668457,102.69483184814453
2024-03-18,171.84658813476562,146.9251708984375,182.806396484375,56.375057220458984,410.12322998046875,157.7040252685547,150.85537719726562,279.7366027832031,59.53580856323242,103.64546203613281
2024-03-19,174.18113708496094,146.40972900390625,183.87855529785156,56.468814849853516,414.1427001953125,158.20126342773438,151.435546875,281.9937744140625,59.545589447021484,104.37458801269531
2024-03-20,176.7432098388672,145.98793029785156,186.28866577148438,56.95634078979492,417.8967590332031,158.2565155029297,151.5852813720703,283.8877258300781,59.917320251464844,104.28229522705078
2024-03-21,169.52194213867188,145.9785614013672,188.87905883789062,56.69382858276367,421.96539306640625,158.79983520507812,151.463623046875,284.95745849609375,60.11297607421875,104.74375915527344
2024-03-22,170.422119140625,145.49119567871094,186.5638427734375,56.71257781982422,421.3463134765625,158.40386962890625,151.27647399902344,277.97998046875,59.545589447021484,104.74375915527344
2024-03-25,169.00753784179688,145.48182678222656,184.85594177246094,56.62819290161133,415.5677185058594,158.93795776367188,149.9009246826172,275.96820068359375,59.25212478637695,105.8143539428711
2024-03-26,167.8798370361328,145.99729919433594,185.7193603515625,56.75944900512695,414.3785400390625,159.0576629638672,150.23777770996094,275.36956787109375,59.193424224853516,105.02064514160156
2024-03-27,171.44100952148438,148.04989624023438,189.3155517578125,57.21885299682617,414.162353515625,159.83119201660156,152.16546630859375,273.81903076171875,59.398860931396484,106.10971069335938
2024-03-28,169.6307373046875,148.26547241210938,190.05563354492188,57.35948944091797,413.4646301269531,161.15716552734375,151.82858276367188,273.87786865234375,58.86082077026367,107.28182983398438
2024-04-01,168.1963653564453,147.8812255859375,188.76519775390625,56.890708923339844,417.2481994628906,159.28787231445312,150.26583862304688,273.09283447265625,58.69451904296875,107.97401428222656
2024-04-02,167.0192108154297,147.83433532714844,188.68930053710938,56.39380645751953,414.1721496582031,157.86976623535156,150.25650024414062,273.2497863769531,57.87279510498047,110.08755493164062
2024-04-03,167.8204803466797,144.58203125,188.1579132080078,56.09379196166992,413.19927978515625,156.24908447265625,146.12037658691406,271.7974548339844,58.136924743652344,110.10601806640625
2024-04-04,166.9994354248047,142.93246459960938,186.72633361816406,55.59688949584961,410.67352294921875,156.22146606445312,145.46536254882812,268.892578125,58.20539855957031,110.49364471435547
2024-04-05,167.751220703125,142.82936096191406,188.44424438476562,55.79377365112305,418.1817932128906,155.7518310546875,146.0736083984375,271.9741516113281,58.54777908325195,112.0164794921875
2024-04-08,166.63343811035156,142.07952880859375,189.42726135253906,55.568763732910156,417.26788330078125,156.15699768066406,146.0174560546875,272.5824890136719,58.479305267333984,111.2596664428711
2024-04-09,167.8402557373047,142.73561096191406,188.1579132080078,55.99066162109375,418.92877197265625,157.10546875,146.59765625,271.56182861328125,58.48908996582031,111.84112548828125
2024-04-10,165.9706573486328,140.77674865722656,186.5545654296875,55.2406120300293,415.96075439453125,155.5768585205078,147.140380859375,269.3636474609375,59.301029205322266,112.78250885009766
2024-04-11,173.15234375,139.4552001953125,186.51637268066406,55.36250305175781,420.5502624511719,155.03358459472656,145.83030700683594,270.5412902832031,58.78255844116211,112.40410614013672
2024-04-12,174.64610290527344,138.264892578125,174.452880859375,54.640586853027344,414.624267578125,154.79415893554688,145.3530731201172,270.8160705566406,58.83147430419922,111.09355926513672
2024-04-15,170.8276824951172,138.33050537109375,174.54832458496094,54.50932312011719,406.5067138671875,153.73516845703125,145.46536254882812,266.2232971191406,58.62604522705078,110.45672607421875
2024-04-16,167.5534210205078,135.3874969482422,172.5536346435547,54.434322357177734,407.430419921875,154.24163818359375,145.93324279785156,266.2919921875,58.538002014160156,109.54302978515625
2024-04-17,166.18826293945312,135.68739318847656,171.8665008544922,54.85622024536133,404.73773193359375,156.06491088867188,146.87835693359375,267.60699462890625,58.352134704589844,109.48763275146484
2024-04-18,165.23863220214844,136.59657287597656,172.98312377929688,55.23124313354492,397.2982482910156,158.6340789794922,148.1375732421875,266.31158447265625,57.97061538696289,109.38612365722656
2024-04-19,163.22061157226562,138.6304168701172,177.32562255859375,56.412559509277344,392.237060546875,160.34683227539062,148.9381103515625,264.75128173828125,58.23474884033203,110.64131164550781
2024-04-22,164.05154418945312,139.7645263671875,180.77093505859375,56.768829345703125,394.0453186035156,162.492431640625,151.19845581054688,267.25372314453125,58.83147430419922,111.26890563964844
2024-04-23,165.10011291503906,140.17689514160156,183.37643432617188,56.853214263916016,400.5413818359375,157.6671905517578,152.1026153564453,269.00054931640625,57.804325103759766,111.70269012451172
2024-04-24,167.197265625,139.21151733398438,184.27357482910156,57.70637893676758,402.0056457519531,163.36724853515625,153.1385955810547,269.8935546875,58.567344665527344,111.72113037109375
2024-04-25,168.05789184570312,137.6088104248047,184.55035400390625,57.884517669677734,392.15850830078125,162.69500732421875,153.09152221679688,270.0310363769531,58.89994812011719,111.97956848144531
2024-04-26,167.47425842285156,136.97146606445312,184.6648712158203,57.884517669677734,399.31292724609375,161.6820831298828,151.90481567382812,269.4028625488281,58.85103988647461,108.86927032470703
2024-04-29,171.62896728515625,137.6088104248047,184.46444702148438,58.16577911376953,395.3130798339844,162.19772338867188,152.25331115722656,266.7729187011719,58.92929458618164,110.4197998046875
2024-04-30,168.49314880371094,135.51870727539062,182.99465942382812,57.91263961791992,382.61590576171875,161.98593139648438,153.7036895751953,263.6030578613281,58.05866241455078,109.1553955078125
2024-05-01,167.47425842285156,141.69525146484375,183.1092071533203,58.06264877319336,388.1291809082031,161.28610229492188,153.89202880859375,262.33709716796875,57.56954574584961,107.0880126953125
2024-05-02,171.16403198242188,140.51431274414062,182.91835021972656,58.11890411376953,390.9791564941406,161.56234741210938,154.3064422607422,262.6217346191406,58.41082763671875,107.28182983398438
2024-05-03,181.4024200439453,139.90513610839844,181.8207550048828,58.28765869140625,399.6470642089844,162.2069549560547,154.890380859375,263.4853210449219,58.518436431884766,107.06033325195312
2024-05-06,179.7504425048828,139.25840759277344,183.2427978515625,58.4564208984375,406.4084167480469,161.90309143066406,154.8715362548828,267.5873718261719,58.567344665527344,107.75251770019531
2024-05-07,180.43296813964844,139.38958740234375,183.00421142578125,58.709564208984375,402.2808532714844,163.92893981933594,156.1147003173828,271.30670166015625,59.301029205322266,107.21723175048828
2024-05-08,180.76931762695312,139.60519409179688,186.72633361816406,58.925201416015625,403.46014404296875,163.36724853515625,155.4648895263672,272.0231628417969,58.98799514770508,107.19876861572266
2024-05-09,182.57957458496094,140.44871520996094,188.49197387695312,58.95332717895508,405.20947265625,163.9657745361328,156.37843322753906,273.34796142578125,59.3296012878418,109.31228637695312
2024-05-10,181.3215789794922,140.5049591064453,189.70404052734375,59.30959701538086,407.5877380371094,165.558837890625,157.14129638671875,275.5069274902344,59.368865966796875,108.86927032470703
2024-05-13,184.5210723876953,141.73277282714844,189.66586303710938,59.609615325927734,406.5852966308594,166.58099365234375,156.2183380126953,274.1820983886719,59.30015563964844,108.82313537597656
2024-05-14,185.66021728515625,141.88272094726562,192.31906127929688,59.15958023071289,409.3763427734375,165.6324920654297,156.1147003173828,272.5628967285156,58.76025390625,109.4837417602539
2024-05-15,187.92860412597656,143.09181213378906,192.89169311523438,59.18771743774414,416.5338134765625,165.25494384765625,156.82107543945312,276.2528076171875,58.730812072753906,110.3304214477539
2024-05-16,188.04747009277344,144.6007843017578,193.23526000976562,59.365848541259766,414.4762268066406,168.6160430908203,158.09254455566406,275.1319885253906,62.834022521972656,109.66981506347656
2024-05-17,188.07716369628906,144.93820190429688,195.44944763183594,59.093963623046875,413.7082214355469,167.76885986328125,157.88531494140625,275.38763427734375,63.462257385253906,111.3166732788086
2024-05-20,189.2361297607422,142.92567443847656,186.6595458984375,58.662689208984375,418.7589111328125,166.0376739501953,157.57452392578125,273.8538513183594,63.000892639160156,110.41414642333984
2024-05-21,190.5337677001953,142.89736938476562,190.4198455810547,58.98145294189453,422.4016418457031,166.74671936035156,158.5540313720703,271.3074035644531,63.95307159423828,109.65120697021484
2024-05-22,189.09744262695312,145.03269958496094,189.26499938964844,59.06583786010742,423.85870361328125,167.67677307128906,158.04542541503906,270.943603515625,64.05121612548828,107.44609069824219
2024-05-23,185.1154022216797,141.4423065185547,187.93841552734375,58.21266174316406,420.3932189941406,165.0800018310547,155.86044311523438,269.6163330078125,63.64876174926758,105.6131362915039
2024-05-24,188.18612670898438,138.86288452148438,191.55552673339844,58.12828063964844,423.50433349609375,163.9013214111328,155.70974731445312,269.8719787597656,64.17884063720703,105.52940368652344
2024-05-28,188.19606018066406,136.41575622558594,190.40074157714844,57.95951843261719,423.6618347167969,159.65621948242188,153.61892700195312,266.42108154296875,63.845096588134766,106.86923217773438
2024-05-29,188.49319458007812,136.47244262695312,189.07412719726562,57.847015380859375,422.5296325683594,157.60272216796875,152.24388122558594,264.3367004394531,63.727298736572266,105.72478485107422
2024-05-30,189.48377990722656,137.26611328125,190.23849487304688,58.10015869140625,408.2540283203125,156.98574829101562,153.1197509765625,266.7356872558594,63.69784164428711,106.05974578857422
2024-05-31,190.43470764160156,138.5794219970703,193.38800048828125,59.000205993652344,408.7068786621094,159.2141876220703,154.9656982421875,267.87615966796875,64.55186462402344,109.10224914550781
2024-06-03,192.19789123535156,139.5904083251953,192.6149139404297,59.000205993652344,407.1217956542969,157.67642211914062,155.06930541992188,265.8311462402344,64.61075592041016,106.48773193359375
2024-06-04,192.51486206054688,139.64712524414062,190.0762481689453,59.9471321105957,409.63232421875,160.12583923339844,157.29196166992188,267.8368225097656,65.37642669677734,104.8315658569336
2024-06-05,194.0205078125,137.91806030273438,188.26292419433594,59.928382873535156,417.4494934082031,159.7575225830078,156.38787841796875,269.8818664550781,65.85742950439453,105.25028228759766
2024-06-06,192.64366149902344,138.3432159423828,187.9288787841797,60.144020080566406,417.9515075683594,159.49046325683594,158.66705322265625,272.3790588378906,65.91632843017578,106.04114532470703
2024-06-07,195.0308837890625,138.9668426513672,190.83021545410156,59.919002532958984,417.2919616699219,158.74334716796875,157.33909606933594,273.9816589355469,64.6696548461914,104.90602111816406
2024-06-10,191.29647827148438,139.01406860351562,190.50570678710938,59.618988037109375,421.2497253417969,153.97286987304688,157.61221313476562,270.41278076171875,65.72981262207031,105.21306610107422
2024-06-11,205.19400024414062,138.66444396972656,185.4951934814453,59.58148956298828,425.9852600097656,153.2025604248047,157.734619140625,270.04901123046875,65.50404357910156,104.36637878417969
2024-06-12,211.05810546875,137.388916015625,182.79425048828125,58.95332717895508,434.2356872558594,152.0516815185547,155.56846618652344,265.77215576171875,65.09176635742188,103.21263885498047
2024-06-13,212.2170867919922,137.4267120361328,184.8271026611328,59.05645751953125,434.7475891113281,151.587646484375,156.72689819335938,266.62750244140625,65.4745864868164,102.38455200195312
2024-06-14,210.4835968017578,137.51173400878906,184.94163513183594,59.09897232055664,435.7223205566406,152.0331268310547,157.08477783203125,266.1064453125,65.78871154785156,101.51924896240234
2024-06-17,214.62411499023438,137.89915466308594,186.08688354492188,59.16511535644531,441.4325256347656,154.1956329345703,157.75347900390625,266.60784912109375,66.18136596679688,100.82142639160156
2024-06-18,212.26658630371094,137.61569213867188,188.01475524902344,59.174560546875,439.4339599609375,154.51116943359375,158.7517852783203,269.0166320800781,66.3580551147461,101.77046203613281
2024-06-20,207.70013427734375,139.62818908691406,189.6085968017578,58.74939727783203,438.80389404296875,154.69680786132812,157.91357421875,272.1628112792969,66.76053619384766,103.96627807617188
2024-06-21,205.53082275390625,140.54470825195312,187.3467254638672,59.30683517456055,442.8207092285156,155.25364685058594,158.46923828125,270.5896911621094,66.66236114501953,103.0544662475586
2024-06-24,206.17466735839844,140.89431762695312,189.80902099609375,60.44062805175781,440.743408203125,155.99612426757812,158.64817810058594,271.65155029296875,67.6341781616211,106.11558532714844
2024-06-25,207.0959014892578,139.0707550048828,189.03598022460938,60.31779861450195,443.97259521484375,155.31863403320312,157.14129638671875,268.9281311035156,66.18136596679688,106.41331481933594
2024-06-26,211.2364044189453,138.72117614746094,188.4251251220703,60.51622009277344,445.1639099121094,154.7525177001953,157.7063751220703,268.9969177246094,67.0353775024414,106.45052337646484
2024-06-27,212.07839965820312,137.75741577148438,190.08578491210938,60.38393783569336,445.8432312011719,154.30697631835938,156.9246826171875,262.1048889160156,66.6329116821289,106.90644073486328
2024-06-28,208.63125610351562,138.0975799560547,193.0348358154297,60.138282775878906,440.0345153808594,153.07260131835938,155.32359313964844,258.0542297363281,66.4660415649414,107.11114501953125
2024-07-01,214.703369140625,138.36215209960938,196.07933044433594,59.788700103759766,449.6632080078125,151.17926025390625,153.25161743164062,258.811279296875,66.24026489257812,106.96227264404297
2024-07-02,218.19012451171875,137.97474670410156,199.30520629882812,59.665870666503906,452.17376708984375,151.8196563720703,154.36294555664062,263.7173156738281,66.81941986083984,106.23653411865234
2024-07-03,219.4580535888672,137.65347290039062,199.17156982421875,59.835941314697266,453.6406555175781,150.91012573242188,154.29701232910156,264.4644775390625,66.9863052368164,106.77619171142578
2024-07-05,224.2028045654297,138.39993286132812,196.53245544433594,60.24221420288086,460.3256530761719,152.57142639160156,155.5967559814453,265.8114929199219,68.75324249267578,105.48287963867188
2024-07-08,225.66883850097656,137.45509338378906,196.8971405029297,59.48635482788086,459.0260314941406,150.46461486816406,156.8305206298828,261.9180908203125,68.39984893798828,104.37566375732422
2024-07-09,226.5207061767578,138.9384765625,199.25796508789062,59.23125457763672,452.4297180175781,150.2604522705078,156.02053833007812,260.9742431640625,68.61579895019531,103.22193908691406
2024-07-10,230.7801055908203,141.18719482421875,199.4210968017578,59.363521575927734,459.03594970703125,151.82894897460938,157.09420776367188,258.5752868652344,69.1164321899414,104.13375854492188
2024-07-11,225.42120361328125,141.4423065185547,199.08522033691406,59.618621826171875,447.6646423339844,152.16305541992188,155.90753173828125,258.1329040527344,68.51763916015625,105.37123107910156
2024-07-12,228.36314392089844,141.6123809814453,196.6764373779297,60.18552780151367,446.5323791503906,154.4183807373047,156.91525268554688,261.2691650390625,67.9679183959961,105.38984680175781
2024-07-15,232.1867218017578,141.00767517089844,201.58038330078125,59.911521911621094,446.93603515625,152.0795440673828,155.00338745117188,263.93359375,68.33113861083984,107.19486999511719
2024-07-16,232.60275268554688,142.68002319335938,205.00640869140625,60.72407531738281,442.5647888183594,152.9148406982422,157.2354736328125,264.7200927734375,68.70414733886719,107.96712493896484
2024-07-17,226.71884155273438,147.94277954101562,208.1253662109375,61.61221694946289,436.6575622558594,157.676025390625,159.58059692382812,268.11212158203125,69.72503662109375,109.455810546875
2024-07-18,222.06321716308594,146.8467559814453,201.51318359375,61.59331512451172,433.5563659667969,158.12152099609375,158.63877868652344,264.621826171875,69.51890563964844,110.5351333618164
2024-07-19,222.1919708251953,146.15704345703125,201.3212432861328,61.687801361083984,430.3467712402344,157.18411254882812,159.1381072998047,260.9939270019531,69.45018768310547,107.99504089355469
2024-07-22,221.84532165527344,145.7318572998047,201.8011016845703,61.19649124145508,436.0865783691406,155.60635375976562,159.41287231445312,263.2060852050781,69.08698272705078,107.25068664550781
2024-07-23,222.8853759765625,143.9461212158203,201.84910583496094,61.37600326538086,437.9670104980469,154.32557678222656,157.8684844970703,260.3352355957031,69.35203552246094,105.52011108398438
2024-07-24,216.47645568847656,147.65931701660156,200.1792449951172,62.179107666015625,422.2637939453125,156.0796661376953,159.17599487304688,249.89385986328125,69.30294036865234,107.00878143310547
2024-07-25,215.4364013671875,150.833984375,200.25599670410156,62.42477035522461,411.9262390136719,158.72479248046875,158.13377380371094,249.47109985351562,68.73360443115234,109.26042938232422
2024-07-26,215.9019317626953,151.77882385253906,203.68206787109375,63.3507080078125,418.6899719238281,160.3303985595703,160.2277069091797,255.09486389160156,68.49800109863281,109.16739654541016
2024-07-29,216.1793212890625,149.8135528564453,202.34811401367188,63.14283752441406,420.12738037109375,160.75735473632812,161.00460815429688,257.1988525390625,68.34095001220703,108.02295684814453
2024-07-30,216.73402404785156,152.43075561523438,206.5131072998047,63.94594192504883,416.3763427734375,160.72946166992188,153.2069091796875,258.6736145019531,67.91885375976562,109.94894409179688
2024-07-31,219.98301696777344,149.14271545410156,204.21951293945312,63.05778884887695,411.8770446777344,160.2561492919922,152.31625366210938,261.20037841796875,67.37895202636719,110.3397216796875
2024-08-01,216.2981414794922,151.8922119140625,199.5746307373047,64.21047973632812,410.6561584472656,162.38153076171875,156.9873504638672,261.45599365234375,68.50782775878906,108.81382751464844
2024-08-02,217.7839813232422,155.0857696533203,191.11029052734375,65.50489807128906,402.1695556640625,165.24008178710938,161.1467742919922,262.0950622558594,67.20226287841797,108.74869537353516
2024-08-05,207.29400634765625,152.35519409179688,187.04122924804688,64.3427734375,389.0360107421875,161.5276641845703,159.2328643798828,252.12564086914062,66.34823608398438,106.78547668457031
2024-08-06,205.27325439453125,150.20095825195312,192.2618865966797,64.2955322265625,393.427001953125,160.08908081054688,159.2612762451172,253.91506958007812,66.4954833984375,106.21792602539062
2024-08-07,207.83883666992188,150.13479614257812,192.31948852539062,64.68289947509766,392.2652587890625,159.4394073486328,161.08990478515625,252.20428466796875,65.68073272705078,107.6321792602539
2024-08-08,211.29586791992188,151.38198852539062,195.8319091796875,64.93801879882812,396.4593811035156,159.9777069091797,161.89524841308594,255.45858764648438,66.41695404052734,109.68842315673828
2024-08-09,214.1981964111328,151.75991821289062,197.5017547607422,64.8907699584961,399.7377624511719,159.99627685546875,161.5825958251953,255.9019775390625,66.70162963867188,110.58163452148438
2024-08-12,215.72544860839844,151.0607452392578,197.87600708007812,64.4089126586914,400.5155944824219,159.09600830078125,158.04847717285156,256.0299987792969,67.4378433227539,110.72120666503906
2024-08-13,219.43438720703125,149.65293884277344,199.55545043945312,64.68289947509766,407.60418701171875,159.9777069091797,158.50326538085938,256.26641845703125,66.8783187866211,109.6605224609375
2024-08-14,219.88067626953125,149.7379608154297,201.76271057128906,64.7962875366211,410.41009521484375,161.22140502929688,159.93399047851562,257.2614440917969,67.39857482910156,110.67467498779297
2024-08-15,222.85574340820312,150.3143310546875,203.01988220214844,64.8624267578125,415.2626647949219,160.11695861816406,159.10020446777344,262.83734130859375,71.8355484008789,111.359375
2024-08-16,224.17474365234375,150.5977783203125,205.34231567382812,65.36318969726562,412.7377624511719,160.209716796875,159.07179260253906,263.4087829589844,72.30609893798828,110.8341293334961
2024-08-19,224.01605224609375,150.8245391845703,206.76263427734375,65.17423248291016,415.7558898925781,161.323486328125,159.5739288330078,262.51226806640625,72.57189178466797,111.17178344726562
2024-08-20,224.6309051513672,151.32530212402344,205.87013244628906,65.55213928222656,418.98101806640625,163.20751953125,161.4594268798828,264.0589904785156,73.3791275024414,107.46700286865234
2024-08-21,224.5218505859375,152.52525329589844,205.9468994140625,65.73167419433594,418.330078125,162.6135711669922,161.22254943847656,264.2166442871094,74.0682144165039,106.78231048583984
2024-08-22,222.66732788085938,153.39450073242188,207.8950653076172,65.50489807128906,409.85772705078125,163.10543823242188,161.2130584716797,263.9604797363281,74.40292358398438,107.60767364501953
2024-08-23,224.95816040039062,155.0762939453125,209.50730895996094,65.93952941894531,411.0807800292969,163.22608947753906,160.28453063964844,263.4678955078125,74.52104949951172,109.0989761352539
2024-08-26,225.2953643798828,155.52984619140625,210.33261108398438,66.93159484863281,407.825927734375,163.31890869140625,161.40257263183594,264.22637939453125,74.8459243774414,111.43440246582031
2024-08-27,226.13832092285156,155.12997436523438,211.30189514160156,67.55518341064453,408.17120361328125,162.69708251953125,160.36033630371094,266.69915771484375,74.9443588256836,110.37455749511719
2024-08-28,224.61106872558594,156.05343627929688,212.3671417236328,67.7913818359375,404.9755859375,161.41629028320312,160.18031311035156,265.1919250488281,74.8951416015625,109.28655242919922
2024-08-29,227.8837127685547,156.34857177734375,213.25006103515625,68.07483673095703,407.4610595703125,159.7178192138672,161.09938049316406,270.2456970214844,75.22984313964844,110.7966079711914
2024-08-30,227.1002655029297,157.90032958984375,215.73562622070312,68.47166442871094,411.4259948730469,160.45103454589844,162.53005981445312,272.26519775390625,76.02723693847656,110.61841583251953
2024-09-03,220.92193603515625,159.137939453125,211.41708374023438,68.98187255859375,403.8314514160156,164.77603149414062,165.35353088378906,274.40301513671875,75.9681625366211,108.30175018310547
2024-09-04,219.0178985595703,159.328369140625,210.48617553710938,68.55670166015625,403.2988586425781,165.6855926513672,166.6610565185547,276.3240661621094,76.03707122802734,106.97927856445312
2024-09-05,220.53517150878906,157.0720977783203,208.854736328125,67.2433853149414,402.7958679199219,166.40951538085938,166.25364685058594,274.4818420410156,75.76143646240234,106.14451599121094
2024-09-06,218.9881591796875,156.49136352539062,203.89320373535156,67.21504974365234,396.1974792480469,165.84373474121094,166.36732482910156,275.2206726074219,75.44642639160156,105.64742279052734
2024-09-09,219.07737731933594,158.61434936523438,208.0677947998047,67.88587188720703,400.1623840332031,166.6385955810547,166.81265258789062,281.36798095703125,76.13551330566406,107.87030029296875
2024-09-10,218.2840118408203,159.347412109375,197.2714080810547,67.60243225097656,408.5262145996094,166.2832489013672,168.4517822265625,281.1020202636719,77.58262634277344,103.94041442871094
2024-09-11,220.81283569335938,156.91024780273438,198.8740692138672,67.15835571289062,417.2452087402344,164.38485717773438,164.78504943847656,279.7424621582031,77.61215209960938,102.90869903564453
2024-09-12,220.92193603515625,156.7388916015625,198.2694854736328,67.30007934570312,421.15093994140625,165.75955200195312,164.35870361328125,281.1315612792969,78.41939544677734,104.32496643066406
2024-09-13,220.65420532226562,157.57664489746094,196.0814208984375,67.9327163696289,424.6917419433594,165.86241149902344,164.93666076660156,283.0821838378906,79.3447494506836,104.24993896484375
2024-09-16,214.5254669189453,158.97613525390625,199.4786834716797,68.58908081054688,425.43145751953125,165.72215270996094,167.9306640625,286.1656494140625,79.30535888671875,105.71308135986328
2024-09-17,214.99154663085938,159.05227661132812,200.81260681152344,68.30370330810547,429.1892395019531,165.40419006347656,166.6421356201172,287.2296142578125,77.37589263916016,107.0918197631836
2024-09-18,218.8592071533203,158.1764373779297,199.1619873046875,68.25614166259766,424.9087829589844,163.85182189941406,164.78504943847656,284.19537353515625,77.7991943359375,107.46700286865234
2024-09-19,226.97132873535156,156.91024780273438,201.9930419921875,67.18115997314453,432.6808166503906,163.33743286132812,162.53005981445312,281.00347900390625,76.82461547851562,108.79883575439453
2024-09-20,226.306884765625,156.2819366455078,202.5784149169922,68.15149688720703,429.3076477050781,160.08303833007812,165.06930541992188,280.54046630859375,77.82872772216797,108.11414337158203
2024-09-23,224.5912628173828,155.38702392578125,202.91433715820312,68.23712158203125,427.5717468261719,160.95274353027344,164.6429443359375,284.3431701660156,79.07894897460938,110.07440948486328
2024-09-24,225.48379516601562,154.96815490722656,203.05824279785156,67.8565902709961,423.29119873046875,158.90472412109375,164.14077758789062,268.7285461425781,79.41365814208984,109.78365325927734
2024-09-25,224.49209594726562,152.8927459716797,201.7147216796875,67.97074127197266,426.1909484863281,158.41844177246094,163.21224975585938,265.62530517578125,80.13229370117188,107.64517974853516
2024-09-26,225.63250732421875,153.64486694335938,201.3212432861328,67.92317962646484,425.4018859863281,158.68963623046875,164.11236572265625,267.65478515625,78.67533874511719,105.79749298095703
2024-09-27,225.90028381347656,153.6543731689453,202.01222229003906,68.294189453125,422.15692138671875,158.97955322265625,164.4344940185547,271.08306884765625,78.53751373291016,108.63002014160156
2024-09-30,231.06707763671875,154.28269958496094,202.3577117919922,68.36077880859375,424.40570068359375,159.0262908935547,164.10287475585938,270.8663635253906,79.49241638183594,109.94310760498047
2024-10-01,224.33340454101562,154.216064453125,198.69174194335938,68.21807861328125,414.9273681640625,160.27008056640625,163.95127868652344,273.47698974609375,80.00431060791016,112.48487091064453
2024-10-02,224.898681640625,153.4354248046875,198.931640625,67.55217742919922,411.4161071777344,158.5587158203125,162.89010620117188,272.8858947753906,79.17739868164062,113.97615814208984
2024-10-03,223.79788208007812,152.79757690429688,196.95474243164062,67.0860366821289,410.834228515625,157.60482788085938,161.18463134765625,272.7479553222656,79.17739868164062,114.9703598022461
2024-10-04,224.91851806640625,152.59764099121094,203.9453887939453,66.7530746459961,410.3608093261719,157.08114624023438,160.009765625,273.8020324707031,79.67945861816406,117.0806884765625
2024-10-07,219.8509063720703,151.8740997314453,203.6653594970703,65.64957427978516,403.9300842285156,156.3704071044922,158.34222412109375,269.7236328125,77.86811065673828,117.587158203125
2024-10-08,223.89706420898438,152.02645874023438,203.4915771484375,65.81128692626953,409.0292663574219,159.37232971191406,159.32760620117188,270.8761901855469,78.46859741210938,114.4638900756836
2024-10-09,227.63577270507812,152.94036865234375,206.06959533691406,66.18229675292969,411.7416076660156,161.35487365722656,160.37928771972656,272.8169250488281,79.14787292480469,114.51078796386719
2024-10-10,227.1399383544922,152.8070831298828,205.50955200195312,65.87788391113281,410.1437683105469,161.7757110595703,160.0760955810547,273.348876953125,78.37017059326172,115.49560546875
2024-10-11,225.6623077392578,153.71148681640625,214.63409423828125,66.18229675292969,410.6172180175781,163.47772216796875,162.10369873046875,273.71337890625,78.8525390625,115.9364242553711
2024-10-14,229.38119506835938,153.84478759765625,213.85198974609375,66.914794921875,413.3986511230469,164.68411254882812,163.44911193847656,276.51123046875,79.0395736694336,116.37724304199219
2024-10-15,231.91004943847656,156.2248077392578,214.7306671142578,66.914794921875,413.0040588378906,164.49705505371094,164.45347595214844,275.141845703125,80.3783950805664,112.87879943847656
2024-10-16,229.857177734375,156.39613342285156,215.93763732910156,67.13359832763672,410.419921875,163.1691131591797,163.32594299316406,283.2496032714844,79.95509338378906,113.1695556640625
2024-10-17,230.22413635253906,156.57704162597656,216.69073486328125,66.49623107910156,411.0117492675781,163.3468017578125,163.23118591308594,286.0769958496094,79.63023376464844,112.87879943847656
2024-10-18,233.05047607421875,157.1958465576172,217.60800170898438,67.00993347167969,412.4320373535156,163.71148681640625,163.2378692626953,286.3035583496094,80.04369354248047,112.55990600585938
2024-10-21,234.51820373535156,155.01576232910156,215.3196563720703,66.06814575195312,413.04351806640625,163.6647491455078,161.57955932617188,282.5895690917969,79.55147552490234,112.62556457519531
2024-10-22,233.90333557128906,155.60598754882812,216.40106201171875,66.06814575195312,421.6539001464844,163.0662384033203,161.73204040527344,280.56024169921875,80.74263763427734,113.20707702636719
2024-10-23,228.84564208984375,157.90032958984375,215.71554565429688,64.6982650756836,418.7837829589844,161.73831176757812,161.61767578125,279.5455017089844,81.97315979003906,112.80376434326172
2024-10-24,228.65724182128906,155.8154296875,217.23146057128906,64.02283477783203,418.9120178222656,160.99951171875,161.65579223632812,279.01348876953125,81.74674987792969,112.16597747802734
2024-10-25,229.4902801513672,153.15931701660156,214.65341186523438,63.66133117675781,422.2851257324219,160.65350341796875,160.32154846191406,277.5455627441406,81.2249984741211,112.07217407226562
2024-10-28,231.46372985839844,153.84478759765625,217.73355102539062,63.42351150512695,420.7465515136719,158.82989501953125,161.35084533691406,279.9691162109375,81.46125793457031,111.51881408691406
2024-10-29,231.73150634765625,152.4072265625,215.22308349609375,62.36756134033203,426.03314208984375,156.64161682128906,159.32083129882812,277.6933898925781,80.4276123046875,109.9993667602539
2024-10-30,228.191162109375,152.90228271484375,216.6810760498047,62.71003723144531,426.60516357421875,155.4352264404297,158.3582763671875,285.85040283203125,80.12244415283203,109.44601440429688
2024-10-31,224.03590393066406,152.1882781982422,214.27685546875,62.12973403930664,400.7838134765625,155.31365966796875,157.4242706298828,285.5450134277344,80.67372131347656,109.53041076660156
2024-11-01,221.060791015625,152.44532775878906,215.26173400878906,61.84434509277344,404.74871826171875,154.8554229736328,157.34803771972656,286.42181396484375,80.90998840332031,107.81402587890625
2024-11-04,220.16824340820312,150.64602661132812,212.2105712890625,61.93947982788086,402.8648681640625,155.55679321289062,157.32899475097656,287.5153503417969,81.16593170166016,111.24681854248047
2024-11-05,221.59629821777344,150.750732421875,213.86166381835938,62.18681716918945,405.8237609863281,156.96893310546875,157.97703552246094,288.9339294433594,82.37677001953125,111.57508850097656
2024-11-06,220.8723602294922,150.30331420898438,238.551025390625,60.59813690185547,414.42437744140625,154.032470703125,153.48818969726562,302.8343505859375,82.1405258178711,113.48844146728516
2024-11-07,225.59288024902344,149.20849609375,228.23883056640625,60.560081481933594,419.6024475097656,153.36849975585938,155.7373809814453,301.2580871582031,82.54413604736328,113.62914276123047
2024-11-08,225.3248291015625,148.0089569091797,228.81817626953125,60.80742263793945,416.75201416015625,154.4065399169922,159.83551025390625,303.29736328125,83.50886535644531,113.59162902832031
2024-11-11,222.6144561767578,147.59957885742188,231.048583984375,60.274688720703125,412.2840881347656,153.61163330078125,158.234375,306.30206298828125,82.89852142333984,112.99134063720703
2024-11-12,222.6144561767578,145.31475830078125,231.309326171875,60.12248229980469,417.2353210449219,153.68646240234375,158.05328369140625,305.82830810546875,83.66637420654297,112.87879943847656
2024-11-13,223.49807739257812,145.885986328125,232.85421752929688,59.932220458984375,419.3755798339844,154.06053161621094,158.758544921875,305.463134765625,84.1684341430664,113.92926788330078
2024-11-14,226.57574462890625,144.5817108154297,233.53973388671875,59.504127502441406,421.04248046875,154.4439239501953,159.23507690429688,304.2490539550781,83.15447998046875,114.00492095947266
2024-11-15,223.37892150878906,146.60952758789062,236.8612823486328,58.73357391357422,409.3152770996094,148.33726501464844,161.57955932617188,305.62103271484375,82.93790435791016,112.82288360595703
2024-11-18,226.37718200683594,147.34255981445312,236.5908966064453,58.84773635864258,410.06494140625,148.06605529785156,162.73275756835938,308.10833740234375,82.77055358886719,113.76851654052734
2024-11-19,226.6352996826172,145.65748596191406,234.7177276611328,59.54218673706055,412.0671081542969,146.56044006347656,162.74227905273438,307.8023376464844,85.25130462646484,112.17984771728516
2024-11-20,227.35012817382812,145.76220703125,232.48727416992188,59.92271041870117,409.798583984375,148.44949340820312,162.86619567871094,303.4002685546875,85.822265625,113.77796936035156
2024-11-21,226.87356567382812,148.03750610351562,236.33021545410156,60.655216217041016,408.0295715332031,149.94577026367188,164.63885498046875,305.8776550292969,87.013427734375,115.30043029785156
2024-11-22,228.2138671875,147.7233428955078,239.98968505859375,60.80742263793945,412.1111145019531,151.4981231689453,168.0030975341797,305.8974304199219,89.03150177001953,115.16805267333984
2024-11-25,231.1922149658203,148.30406188964844,241.6697540283203,61.245018005371094,413.8801574707031,152.48008728027344,169.06100463867188,309.1249694824219,88.10614013671875,113.44699096679688
2024-11-26,233.366455078125,148.28488159179688,241.36077880859375,61.40674591064453,422.9722900390625,151.64776611328125,170.89083862304688,307.77276611328125,89.887939453125,111.55574798583984
2024-11-27,233.2373809814453,149.12936401367188,241.1869659423828,61.29258346557617,418.0309143066406,152.17149353027344,170.9384765625,310.6153564453125,90.4490737915039,111.26260375976562
2024-11-29,235.62008666992188,148.75511169433594,241.119384765625,61.42198944091797,418.4953918457031,152.85414123535156,170.8431854248047,310.99041748046875,91.05940246582031,111.5462875366211
2024-12-02,237.8638153076172,148.5535888671875,237.76890563964844,61.009822845458984,425.92724609375,152.48008728027344,171.2625274658203,312.5400085449219,91.19723510742188,111.44226837158203
2024-12-03,240.9017791748047,146.21206665039062,236.38815307617188,60.885215759277344,426.1446838378906,151.21759033203125,167.18348693847656,308.94732666015625,92.0536880493164,111.27205657958984
2024-12-04,241.25918579101562,144.39834594726562,235.0170440673828,59.62955856323242,432.2917785644531,149.79612731933594,166.88803100585938,305.8776550292969,92.97904205322266,108.06637573242188
2024-12-05,241.28895568847656,143.4866485595703,237.0254364013672,60.310096740722656,437.4308166503906,150.08604431152344,167.7648468017578,305.06829833984375,93.8158187866211,108.53917694091797
2024-12-06,241.0904083251953,143.2851104736328,238.84066772460938,59.936275482177734,438.36968994140625,148.81753540039062,165.65863037109375,306.9732360839844,94.20957946777344,107.39498138427734
2024-12-09,244.97222900390625,143.5634307861328,235.41294860839844,60.00337600708008,440.79095458984375,150.40199279785156,162.7708740234375,304.29840087890625,92.36870574951172,106.76141357421875
2024-12-10,245.98487854003906,143.20835876464844,234.49563598632812,60.30051803588867,438.1324768066406,150.75094604492188,164.19088745117188,308.3254699707031,93.07749938964844,106.54390716552734
2024-12-11,244.714111328125,140.72286987304688,235.14254760742188,60.04171371459961,443.72613525390625,147.8555450439453,162.61837768554688,309.7171936035156,93.48110961914062,105.8346939086914
2024-12-12,246.17352294921875,140.33901977539062,233.21144104003906,61.19194412231445,444.2894287109375,149.86439514160156,162.82806396484375,310.1514892578125,92.62464904785156,105.74012756347656
2024-12-13,246.34230041503906,140.7036590576172,231.67620849609375,60.501800537109375,442.0262756347656,148.98728942871094,163.0281982421875,310.65484619140625,92.98773956298828,104.81340026855469
2024-12-16,249.23130798339844,138.0454559326172,231.32862854003906,59.9554443359375,446.2956237792969,147.14816284179688,163.10443115234375,311.7899169921875,93.59942626953125,102.57227325439453
2024-12-17,251.65374755859375,140.5021514892578,230.15061950683594,60.77019500732422,449.1319580078125,147.26133728027344,162.33245849609375,314.16864013671875,94.14205169677734,102.13729095458984
2024-12-18,246.2628631591797,138.9091339111328,222.43582153320312,60.243003845214844,432.26214599609375,145.64857482910156,161.1411590576172,305.7591552734375,92.29710388183594,100.63373565673828
2024-12-19,247.99032592773438,137.7863311767578,224.9365997314453,59.85960388183594,431.90631103515625,142.85691833496094,161.2460174560547,310.79302978515625,92.14910888671875,99.7732162475586
2024-12-20,252.65647888183594,138.64039611816406,229.4168243408203,59.9554443359375,431.48138427734375,144.10183715820312,160.1690673828125,313.5863037109375,91.00464630126953,100.1136474609375
2024-12-23,253.4308624267578,139.40814208984375,230.17962646484375,59.792503356933594,430.14715576171875,142.68714904785156,160.21669006347656,313.1026306152344,89.13995361328125,100.52025604248047
2024-12-24,256.33978271484375,139.96473693847656,233.964599609375,60.23342514038086,434.1793518066406,144.12069702148438,161.0077362060547,316.4881591796875,91.43875885009766,100.61483001708984
2024-12-26,257.1538391113281,139.70562744140625,234.76602172851562,59.97462463378906,432.9736633300781,143.771728515625,162.1704559326172,316.7447509765625,91.54727935791016,100.69993591308594
2024-12-27,253.74853515625,139.197021484375,232.8638458251953,59.85960388183594,425.48248291015625,144.19613647460938,161.57005310058594,314.5239562988281,90.43241882324219,100.69048309326172
2024-12-30,250.38296508789062,137.55601501464844,231.07760620117188,59.4570198059082,419.8493347167969,143.09268188476562,159.2445831298828,311.2174377441406,89.35701751708984,100.0096206665039
